Time,V1,V2,V3,V4,V5,V6,V7,V8,V9,V10,V11,V12,V13,V14,V15,V16,V17,V18,V19,V20,V21,V22,V23,V24,V25,V26,V27,V28,Amount,Class
2061.0,-1.95895535098644,-2.72237315524319,0.0656364402247203,-2.05158771429037,0.435947021130594,4.50936675580659,0.781314242539595,0.993880595941217,-0.800422358750978,-0.763860675899649,-0.827635490457278,-0.819204772981189,0.0204701974198347,-0.825142493799571,-1.04298027188586,1.31726178318109,-0.0742022402239467,-0.73467189608564,0.644862291382648,1.69679391059982,0.446619998425243,-0.0644347373088856,1.33329290981188,0.945037490336934,0.535139988467224,-0.381992077980819,-0.126417452800734,0.152883403553798,2.1416963346362787,0
63041.0,-2.43828291107577,-0.264593268656812,2.88910008207596,3.3755345024339,1.72951464777141,-0.650651828691081,-2.50385024049057,-0.372552082303834,-0.334217980249592,1.4173614257014,-0.123563194119616,0.558569973092464,0.873640859377454,-0.396878725451559,1.23451057939716,-0.418501542121361,0.561617705048841,-0.356635574812372,0.238279271872366,0.0036767046107458,0.844702759815039,0.185700804696366,-2.24029505916527,0.569263911921671,-0.323437752115464,0.390778053501161,0.65111038321481,0.565652127837929,-0.21981325667511398,0
108462.0,-1.31810841953843,1.17945327400279,-1.12037203022091,0.206071838233851,-1.60013641234943,0.452594003914752,2.03253426524448,-3.29038763816057,0.874368062971573,-1.3093541679151,2.83733485872449,-1.49580245476825,2.07229986107039,0.721529552508678,-0.727148848848302,0.322596644531082,1.31274313026055,1.18613329960262,-0.361284764894955,-1.3350037044591,2.27994092903394,0.107648453338017,-2.28240227140692,0.595313891810804,-1.07551779242514,-0.259226176285748,1.03144332332871,0.0262840776845373,2.6806783344410547,0
82811.0,-1.30131419979826,1.21612973504148,1.02973823713432,1.29240037324792,-0.0623834003592995,0.015550184063097,0.404308090370233,0.180960562387274,0.0734455862080086,0.354532326641678,-0.747367373176474,-0.115725949641191,-0.736644189110796,0.0981161728342522,0.331467685692992,-1.17800282957831,0.695118295920748,-0.62906887423893,0.75720559143948,-0.116586797824535,-0.0235410279535975,0.23651661895433,-0.0734792169177009,0.0849468857268758,-0.144055728596199,-0.293499548065312,-0.369949110132503,-0.0793654613246735,-0.2723481092634587,0
163812.0,2.05254519981784,-0.112153007739528,-1.08154748541831,0.416182310698604,-0.1772873654116,-1.14626705762766,0.121180999900963,-0.268024606638596,0.649733158831868,0.0860102925537244,-0.814257363747202,0.0730815254273834,-0.664706691177859,0.425385927029109,0.166944107722277,-0.12975862449375,-0.190260879819087,-0.869594392829574,0.0790680794674045,-0.276745732820951,-0.291607121521435,-0.734926158213196,0.355476866078258,-0.033057222707878,-0.3380416464893,0.203471045656033,-0.0723330647269577,-0.0620211297118351,-0.34531318230282637,0
162813.0,2.04571418794212,-0.763635673630343,-2.0284152585218,-0.507508780064939,0.608281236995143,0.66415009466957,-0.183975015525698,0.0868600805243417,-0.61958892332492,0.785673584666626,-0.720229275277007,-0.144411474872057,-0.50408451690371,0.48543466684151,0.314017287526456,-2.95043287595898,1.04457810230763,-0.763830435974045,-1.63826112409452,-0.70763711300342,-0.286287392083528,-0.140379254661856,0.219956335695837,-0.425031490617799,-0.0909487127533837,0.68118095872197,-0.034828701522589,-0.0777755146402507,-0.2412829795365608,0
143183.0,-1.81530924951612,1.91566907482002,-3.37612438562687,0.118830891123047,2.61133900285509,-1.21373203735595,-1.30205247994121,-6.35414747115635,0.132963725086654,-0.257800424321367,0.969865708382966,0.162516795020447,-1.74988953290335,-0.850819319868839,-0.54899487896043,-0.355500937653081,1.86454142886092,1.45969079801958,0.499701362528169,-0.489683773064322,1.93360036462574,0.797635365809054,-0.451279904108526,-0.550409677686916,-1.23632144455994,-0.394899792648676,1.00760084647853,0.227959493920643,-0.3492313067728856,0
170214.0,2.02031141703943,0.0866882894599922,-1.61106681225743,0.348833738399761,0.347277755089558,-0.673398112489996,0.0583762323589636,-0.07857328147198,0.28199267350403,-0.197458985876832,1.23034617441877,0.684855517245863,-0.45233630960458,-0.557367859092615,-0.465270371310145,0.476803736424713,0.313613789131486,0.175340828970815,0.274769430293927,-0.178289009834293,-0.30572203120421,-0.829907670435132,0.356079480339966,0.658828498313718,-0.32640087999489,0.144006193175369,-0.0687132892820103,-0.0397386533053763,-0.34967109625421877,0
141445.0,-0.77251942133085,0.415908556375288,1.29840866031062,-0.943832616676584,0.879942185667904,1.62182951780669,0.26481035257502,0.267813682293118,0.640112936327996,-0.342020952546292,-0.366325955047905,0.495137454235601,0.824522999048854,-0.764781710766454,0.766291906977876,-0.768505146747245,0.105235661608488,-1.31505631634782,-1.50152362476932,0.0325841880307116,0.314261171490284,1.40001163095428,-0.163697616545672,-0.255833950948184,-0.559404880158534,0.611544788560843,0.00194417758782,0.0283161473973421,-0.2333267880106243,0
35285.0,1.13665944326808,0.237730297010309,0.453408162023662,1.26491212413743,-0.0157298306356989,0.154036015997868,0.0096254098560059,0.0876808064913232,-0.0863528426857365,0.0247053279110029,1.29460198823115,1.63537244277593,0.567295334820445,0.104728653290839,-0.882105261535269,-0.564480387151008,-0.0324016093132104,-0.58067233142126,-0.0806654591077345,-0.144466558519413,-0.0455848010735074,0.124950816610155,-0.078185894180257,0.047071977680375,0.662259793392834,-0.331365224173945,0.0426748425758144,0.0061118874669349,-0.3492313067728856,0
138926.0,-1.51757836675694,-0.457886495001329,0.735053011450441,-1.91276974443389,0.904455853887686,1.58398891768866,1.10050973134375,-1.01168005950752,-1.0867633651002,0.291366100055384,0.657936169280398,-0.210138580180675,-0.48159806238948,-0.0342957808118512,0.227897752923876,-2.25209678454911,-0.11188548017836,0.86224350007849,-1.73472168827475,-1.00456367475007,0.566807364724729,0.536473320386441,-0.0835146265788868,-1.63949983351341,0.975489235864461,0.146764371665885,-0.110763628086218,-0.555128541293402,0.28646439806324936,0
75588.0,-1.63715253738029,0.790105369517333,-0.10911217421068,-0.293857894357332,-0.826483708077759,-0.302084508923759,0.565184881085496,0.912372582668839,-0.465507274595866,-0.755159327306969,0.729254503169864,0.393205872393206,-1.69002457717311,1.1666842559758,-1.01626247912409,0.0366623174727645,0.180803989497127,-0.273249537281113,-0.637760687477299,-0.389045854420669,0.194636708364416,0.455602194966052,0.297858151217949,0.24381923948752,-0.463486248071905,0.296091067108761,0.0877781246306395,-0.0663829294170632,0.19594772663249407,0
3971.0,-0.0531752194075029,2.33398252464458,-2.12375930291044,1.75421597729197,0.593166271368861,-1.70986301935017,0.398727325463874,0.211975370858158,0.864422452231648,-1.00245791879165,3.46034456362904,-2.17453792087518,1.47634545128085,-1.7237403969946,-0.386254708139537,1.02321581638227,3.52628502860459,2.21239770340843,-0.468181009166761,0.208394690912593,-0.250413010068593,-0.250675004613386,0.191602531467979,0.121569205394654,-0.408649041544882,-0.458183236611578,0.315101414855322,0.0596011905098108,-0.3340385792359214,0
111920.0,0.401471198882437,1.06933124339518,-0.474938547941707,0.885797350676101,0.88777511060683,-0.362473807105341,1.0025721152204,-0.608167824028402,-0.0082579671363874,0.731362830355238,1.05080279243943,-0.267281338176636,-0.338349088652544,-0.873355977704446,1.43528062320055,-0.75286041872695,0.680414035386751,1.6377535706531,2.65733566924652,0.417379033338495,0.277422356754731,1.41247689190698,-0.217477003125182,-0.536820760041448,-1.16757908705683,0.0833270343175032,-0.0032667591301746,-0.0950118770197107,-0.30921046397156665,0
3830.0,-1.60517574791015,0.218715814395994,1.05023302586427,0.307778913030536,0.738507782274876,1.49631136548093,-0.42082196046894,1.07454712507537,1.06703637071887,-0.891562662703027,2.58273952137474,-1.36231420274839,0.971113595108456,1.90422408630917,-0.69576298507907,-1.30856570415758,1.8994031049968,-1.61797286769742,-1.09744218891661,-0.302806542767336,-0.166000922506799,0.0656313705543063,0.548307628709252,-1.06738590945048,-0.190397457705328,0.325685471476325,0.0984205970735021,-0.0779383911398297,-0.2366052186896534,0
148806.0,-1.97899683140117,0.995540979670384,0.813981347021452,0.447834535687754,0.0224212576885006,0.24912462551169,-0.161472418318599,0.802806150281018,-0.5346510859319,-0.894385989965349,-2.0533249456894,0.250654633919628,1.35555762689981,0.237413710128061,0.761628991413857,0.748921382330697,-0.723866461149516,0.841840186412563,0.147329110279263,-0.250695941724175,0.256370276690324,0.538269844970519,-0.597020835452111,-0.96294949536343,0.825486648451385,-0.317489651842396,-0.33815378951104,-0.107973504540653,-0.09335379036085645,0
153301.0,0.315405034193774,-1.08679786959542,0.401063997686408,-1.70484606793847,-1.32360422104209,-0.198212214287849,0.608345720432943,-0.539107441309111,-2.02053732025956,1.23478567489652,-0.899898764405046,-0.557792793839212,1.83443360706908,-0.944512873357133,-0.127498196094168,-1.10250382664463,0.560869336813649,0.0805640198639123,0.626309470373532,0.337312742408652,0.11789720468252,0.782479709410202,0.64314434344197,-0.0799655786891587,-1.44383065210804,-0.258027540529085,0.112200784688799,0.08288574490982,0.5659306230195124,0
90953.0,1.28105297419956,-1.94111417228108,-1.21010430441721,-1.36981784883532,-0.392339074555909,1.03525487739172,-0.614647278071645,0.273990025063589,3.28099467171455,-1.36724964415228,2.01193365430486,-1.42761779349256,1.16396601369239,1.89926117835184,1.03044012446332,-0.709801985391392,0.692077353750005,0.0988099828981775,-0.401838661646236,0.362219789874951,0.354048173591435,0.785248579579682,-0.167169424790659,-1.64310559047029,-0.451084001529865,-0.101843672827024,-0.020481652577598,-0.0186032249506298,1.0385843728668576,0
33948.0,1.12535309682225,0.175514320609726,0.264286612416724,0.483049527954284,0.0211004963719746,0.183952553321021,-0.200871232478194,0.24559494181328,-0.171622251069727,-0.190375005239349,2.01261082842713,0.87415226947043,-0.319681041643585,0.050135742660792,0.946071228200704,0.104001961660567,0.330814965924905,-0.658087215151051,-0.630064751249666,-0.160322723602403,-0.184545746250676,-0.520394331582891,0.182073623860947,-0.33858773994209,0.0241813698717062,0.137661911141811,0.0035105373148307,0.0129845714913106,-0.34531318230282637,0
74959.0,1.22008928730858,0.576802000140906,-0.365252882392341,1.12195217401017,0.20844644151593,-0.692655506312717,0.156709727256101,-0.0505976121401075,-0.250821836500399,-0.383308784795869,1.36560946528945,0.286651954891512,-0.503046878996244,-0.787225310324892,0.431785724361515,0.818737994502314,0.326619250316325,1.12489930413084,-0.164662792986019,-0.112267570389185,-0.0273416695184652,-0.0641839955661214,-0.167556248476084,-0.123117818510002,0.69073570764123,-0.322836513017436,0.0247235784596239,0.0367343981432861,-0.3492313067728856,0
39660.0,-1.95434412433044,-1.11526503817618,1.96711696163735,2.30453582293324,1.86684109072691,-0.689480721619786,-1.26864783819159,0.331979748904818,-0.682931166455035,0.765181449275854,1.07889447703603,0.689172399790275,-0.359527558306202,0.0063965291508913,-0.824153425900921,-0.471304891131087,0.451879808238771,-0.484660905889237,0.755513359067853,-0.300802546356231,0.0106633471963573,0.353573706710572,-0.368238003501458,0.352367914261939,-0.644363892156406,1.08040008731282,0.245349915600605,0.0324384802700795,-0.3380766462917987,0
142188.0,2.0868905377857,0.0603103194389162,-1.50491857357975,0.207093965877668,0.413408240035635,-0.765783765985424,0.254549641626439,-0.336374511243347,0.431014391032301,-0.0311628590041866,-0.596610403347987,0.797039489408415,1.16507880581963,0.259647288322146,0.725273193903731,-0.259882336657385,-0.578342158313995,-0.205830503202269,-0.249988194061822,-0.150999204510158,0.248346553036911,0.905993654607858,0.0145638278710727,0.667935404393739,0.325377633727046,-0.13519701253479,-0.014484853168796,-0.0513266628547104,-0.3502308283213701,0
167492.0,-3.25135831931893,-2.7812794854743,0.900491765391789,0.724271052237894,0.629515647195665,-0.614881161700277,-0.315644319935016,0.569456420256453,-1.21857662861698,-0.52948953694817,-1.66021244853476,0.385382827042618,0.596991364898308,-0.162180913584845,-1.68525730047609,-2.28336464248142,0.62546130080496,1.33338168618016,-1.119789895286,0.737276602825671,0.351561660662283,0.296962704152187,0.0902093435771389,1.10815758909372,1.23236172918749,-0.196653927734242,-0.0736389446484211,-0.375584550984758,0.7747906457908312,0
36566.0,-0.889236750168463,0.662559145997062,1.43471078388305,-0.370863811043816,0.11326261056855,-1.08164848949581,1.24349089856359,-0.140628025021398,-0.575739801784806,-0.797349660016443,-0.799977383837002,-0.999201078606615,-1.67022664321283,0.598868854858329,0.430520576578416,0.212252129620723,-0.392642927235637,-0.156165626617868,-0.543983425213716,8.55763061816117e-07,0.0277725348876925,-0.228818199936683,-0.160823010147126,0.353319034763987,0.551726998653323,0.296568043302256,-0.0737698741690095,0.0519468120986554,-0.035701387444271114,0
49959.0,-4.65217106316099,-6.49291289213202,-1.42183909656333,0.171466867281644,-8.27493933045145,3.66072372770411,7.44418558568177,-0.0295032526713818,-1.61122245217511,-2.34169103366738,0.191495752431973,-0.385597721572547,-0.743499993134828,0.179713652489465,-1.63392160614444,-0.63329922383922,-0.0011766613457873,2.38509924410967,-1.25448770973168,4.50312944903365,1.02164616883911,-0.82476410550496,5.75627060646497,0.227189450819434,0.162543692063387,0.59938820525359,-0.851642792964366,0.249223648769966,9.21051262982828,0
75012.0,1.45270719609911,-0.624233022594347,0.212707170906294,-1.04779067329514,-0.692048257673097,-0.0032945452960502,-0.889357814240436,0.133329616957707,-0.682599059840154,0.816838481893728,0.249589244574508,-0.886178573058727,-0.852085184873298,0.136617800837843,0.423021802533484,1.90834523900914,-0.43753576696075,-0.40531622768961,1.26351567250826,0.0296662235756479,-0.0530227123913038,-0.332248797866959,-0.034182430669343,-0.873675540533918,0.331236808330052,-0.351754894841927,0.0060254593524085,-0.0015532455701343,-0.3492313067728856,0
68905.0,1.10995201995366,-0.254249644417488,1.33682820533238,0.898689476952276,-1.12241322518026,-0.0335556377097749,-0.735866104983262,0.22684943276288,1.00158412748321,-0.267116670816542,-0.329351802725362,0.292151551480012,-0.673731370563317,-0.230878351979745,0.498720840658322,-0.194108562722258,0.259123004559296,-0.711699745981507,-0.518046006787734,-0.178656983691943,-0.0485683097260412,0.0501862372091945,0.106841594298649,0.431331033309612,0.115541455419297,0.327776987387891,0.0291130849147167,0.0262967885953565,-0.3072514017365371,0
56245.0,1.39108641193192,-1.6118649304159,0.834468427215939,-1.36567873987973,-1.87612182650192,0.400777397362016,-1.75614408477273,0.314715806269174,-0.967085012714526,1.45729830549354,-0.235175610355669,-1.19210528991737,-1.29605264112727,-0.447634875192101,-0.671315680495873,0.0430375353700527,0.281697172685752,1.04307672776128,0.519254735517371,-0.336525651666744,-0.242156933599155,-0.332817765878716,-0.0610321501059201,-0.556274330335825,0.252602059565686,-0.159256077516051,0.0551369294380213,0.0168660396951448,-0.14532891088204986,0
150352.0,-2.79217457729976,-0.390918262716526,0.785197788868858,0.0862845474219614,-0.960722614719635,-0.353312579742978,0.54074586524394,0.688957243163589,-0.381837240287627,-1.52771968594795,-0.917286493621964,0.588594223443192,0.905714740346187,0.4649728370653,1.04344193633018,0.412371804632348,-0.169651592856859,0.098932148997075,0.281183404718517,-0.193625823434138,-0.0704277393803829,-0.32456211404748,0.58685866540104,-0.0216620417018472,0.496333370465089,-0.393981230312319,0.0337741015517015,-0.61582655022153,0.37878020828127673,0
93133.0,1.97724175275024,-0.338159197393374,-0.280855375564017,0.606522734023063,-0.453338728904709,-0.03956960236784,-0.774227421723803,-0.0083993263600802,2.7763091470564,-0.547023322636728,-0.0957651510897699,-2.17576668111022,1.56818732380483,1.26740740927629,-0.143823707792006,0.0397633974308092,0.258351378281166,0.462239758755873,-0.474737779361364,-0.246341984885697,0.0391277758374802,0.569388286241991,0.16626615804273,0.630790825570519,-0.117032328410407,-0.278880875800705,0.0111718045421833,-0.0366950298020337,-0.30129425330756954,0
123910.0,-0.395674165216054,0.64294376257593,0.399582803898243,-0.928113905971479,0.0404030645120485,-0.288879892080772,0.100707884989749,0.393033268447842,0.570389874696346,-1.22644139618264,-1.94775846610935,0.669951352803413,1.22772127872985,-0.24083435857819,-0.544075108300195,0.523505986102794,-1.00883175734203,0.496192728413047,-0.775181555433311,-0.254859760324406,0.435998532035486,1.35042120883281,-0.0806484602412694,-0.600017577882859,-0.867352421118128,-0.410914121747436,0.174014158353752,0.194347781820748,-0.27346757339776134,0
67900.0,-0.959887460250364,-0.0956112388773199,3.23792115690274,-1.50806637200176,-1.36506674249996,0.384347119146514,-0.624520124122382,0.298770081896082,0.249010638887691,0.368047023145059,0.590239911169419,0.12775292185915,-0.514654083735718,-1.60004656557527,-2.5920352066764,0.742813618798126,0.399925017335197,-0.866597240122242,0.651902522584445,0.363859684218228,0.120122287397533,0.920953589039322,-0.422472009193855,0.582300243148323,0.510369390503932,-0.165397641079816,0.283881258386508,-0.0399587615036854,-0.3392360912880407,0
65853.0,1.2246373607715,0.199006799858968,-0.590004518231577,1.33035667884627,2.07098154422934,3.92659151986943,-0.76332829224647,0.972724103262464,-0.622087637730236,0.739257668108796,-0.373726143314671,-0.293102384475549,0.10923659543686,0.225202650945216,0.913615504920667,1.2149677042364,-1.24572515269968,0.534951099597057,-0.843787261314972,-0.0142717149314783,0.109290282974016,0.162733405525023,-0.116943774991965,1.00953198254651,0.64275282644577,0.1436141992383,0.0123285708549299,0.021231517934133,-0.33595766060901155,0
39451.0,-0.400421280093857,1.01004571708238,0.80030977624102,-0.410493482097679,1.25167095069081,0.0272207823713019,1.33494167842129,-0.549937442014058,-0.149081339991136,0.352459767957729,-0.88933587704649,-0.160009483306577,0.785210564290783,-0.361782606906014,0.841297373052305,-0.349793935440642,-0.651011066591984,-0.575684100501954,0.0553758386691342,0.22774576342238,-0.0815993630107682,0.228355721438899,-0.299850607465584,-0.91168460667321,-0.250374553532454,0.280824811796579,-0.242713461057117,-0.242046288262377,-0.31956550721386595,0
146270.0,-0.122512738286115,0.999718074326581,-0.564338371264058,-0.73036381527779,1.6532120270526,-0.464199421340266,1.6710340310034,-0.406542975373518,-0.947334115343641,-0.58858534299398,-1.47733999974678,0.173459682420749,1.16331746280381,0.230668743876343,-0.493262971043829,-0.682761806344178,-0.329131028534268,-0.440073603374919,0.853816480038708,0.111284036419071,0.15927001436405,0.574588318551109,-0.425911323888145,0.160670725674869,0.345729126007588,0.87392836401006,0.0315453456240979,0.128557449189738,-0.237724682823956,0
125895.0,1.96956424087193,-0.131196520557207,-2.12659837793476,0.297613920008084,0.503420252204151,-0.638261490544767,0.168467711208156,-0.207125698578834,1.10346487030767,-0.925484995613788,-1.34954928237932,-0.105328784292055,-0.0877754934439229,-1.61004870694778,0.0275699160505233,0.28393166970988,0.877972616779085,0.354030189545135,0.406997384604276,-0.0415106761615729,-0.282662052476918,-0.67341210976089,0.0104797123065906,-1.19133562533607,0.0345837391983145,-0.0264017634842185,-0.0151312963747502,-0.0191075397463814,-0.0760820580030445,0
141174.0,-2.94270161894983,3.19252336228302,-2.39131245350251,-1.80591103885759,0.353996079314122,-1.44617328057204,1.03797044489132,0.275149678512476,1.56198739802975,2.99726958317026,0.41260750403096,-0.0116632087317968,-1.67198915346254,0.694501536653345,-0.525778215511493,-0.492791834724796,-0.567116010330662,0.157893259704803,-0.117943831814056,1.13349050112539,-0.0016351491461779,0.640333417300614,-0.0536442789513423,-0.427862347117683,0.22867465784914,0.139788084779593,1.28304791566218,0.850021076046162,-0.35015086659749134,0
82711.0,-1.35155776489304,-1.31177921531371,1.54661771593672,-1.40984407249298,-2.25959128197968,0.150013592463252,1.68157290340948,-0.214306457623586,-1.36199360863393,-0.606118530091064,-0.383010719823034,-0.48993519524309,1.37225103189024,-0.752862269600716,0.383807264083404,1.69022621874382,-0.294619848744199,-0.680290953392435,-0.449293120700594,1.31017260982943,0.791922008457682,1.26978919798193,0.938606630916905,0.395194401771543,0.324878635523495,-0.221456620340465,-0.0755711102390464,0.150818920169908,1.7977409793717967,0
68894.0,0.619658938605195,-1.41307672243304,0.619382328807868,-0.568170144846177,-1.10028477587356,0.696993159256495,-0.551320539289863,0.405808134877574,1.88679943040076,-1.2132367317017,1.32453930429887,1.47855674605384,-0.917412316050641,0.0524404991362107,0.149877501798073,-1.23651115176399,0.581102233865658,-0.448533674637035,0.416440053985978,0.263853639905652,0.0829585518377227,0.0566244968373784,-0.185704078982942,-0.276947995127405,0.260626562702397,-0.711102068354151,0.0772987146649234,0.0575026474978979,0.6454525574169383,0
66211.0,-1.84206366029123,1.96363183234221,0.703246835101765,-0.479666091616641,-0.252414536604256,-0.490258079024732,0.404387711103007,0.356481962899925,0.300082207099819,1.3860305990546,1.06389581598059,0.656184448348267,0.0633388584646234,0.0681572324653557,0.241240813514306,0.431066495539903,-0.748111143533647,0.178445985607459,0.279049481727433,0.705983653504539,-0.364934213977614,-0.636627359339416,0.0045097691335783,-0.0404652834778892,0.0812959923276135,0.0716093606754521,0.494063507186333,0.153522770624538,-0.3172865980833214,0
159559.0,-0.765256936355993,1.08199858181099,0.632683162725677,4.50040728140818,-1.24927208853372,2.30914810108093,1.29393876101974,0.542433166876703,-2.06436920099437,1.1279216614542,0.351092291887204,0.176029304091069,0.0845349930217289,0.430493203964673,-0.503020438360802,0.239937861845865,0.16944205825163,0.251971692829982,1.64047931943023,0.102883307022443,-0.19812480617371,-0.60584744527254,0.687291286677003,0.636654226272789,-1.2832133914126,-0.206460056048066,0.160902519028593,0.0727524113261752,1.1440139058010015,0
54063.0,1.16117428961041,0.117830172141935,0.580304900997838,0.508002066473953,-0.385748251483465,-0.32877369147709,-0.154760504270227,0.0999977123993088,-0.145016224293616,0.0760688330624389,1.78831456814613,0.90404758817006,-0.401406604483582,0.590917979947869,0.63149269360492,0.174153803017466,-0.288308019346922,-0.491969361035882,-0.260507184559132,-0.159303501524546,-0.171870085686431,-0.52668046583434,0.186486709448876,0.203085135220608,0.0681248198547557,0.0962087192840485,-0.0197197681786326,0.0061047404401833,-0.34967109625421877,0
31762.0,1.04537160840359,-0.0425956358095793,0.449654568227493,1.36656475460311,-0.353597067604086,-0.002914065487076,-0.0857414625441978,0.191157895779383,0.232807322602567,0.0718215973754266,1.09881537157522,0.518233387015868,-1.69315024964772,0.569947529180769,-0.647455556766137,-0.514737166922429,0.171118368562213,-0.366129831831137,-0.155635806253855,-0.214882593003487,-0.034129847135663,-0.0403976864957059,-0.0602348908016079,0.194213749150076,0.544997470090409,-0.340806316535517,0.0210080490153442,0.0101812012920318,-0.19370575382869915,0
160200.0,1.98928313139735,-0.441792043103041,0.164045819813577,0.357567533353186,-1.04189351605069,-0.50992954001004,-0.847575189991526,-0.0159558749502972,1.27981542635207,-0.03407509278585,-0.749400841047776,0.721343148724634,0.890249320906662,-0.465877240799711,0.687490245589383,0.62458106897042,-0.670213698873962,-0.0674353112017213,-0.317208421305683,-0.150276469729956,0.0374048267112846,0.319791874515135,0.320162468252155,0.0922550336076038,-0.573187912240398,0.477399050129246,-0.0059565825376614,-0.0375665101326356,-0.3492313067728856,0
71755.0,1.19935580585114,-0.0108720961980177,1.07069600508493,1.21029349953015,-0.69019872886481,0.112596819572589,-0.558577518100418,0.110901646032205,0.886844008435329,-0.207116939779803,-1.22322278746739,0.452500744993156,0.404636447938728,-0.448189571186365,0.186598393010836,0.220990768838793,-0.459369824300771,0.0777471189506331,-0.0094237503919981,-0.107701977725325,-0.0971986252075422,-0.0472112009230111,-0.0700921874177579,-0.135056868610724,0.497689246238095,-0.376389395795644,0.0744121498289367,0.0327258366368035,-0.33327894285907317,0
55379.0,-1.33440479296696,0.528489906289909,1.71991610045739,-0.583251036497698,-1.31160025615369,1.42700912391168,0.157060008445045,0.777550130718617,0.158071876157241,-1.00696197341431,1.10450297692263,1.26196692230649,-0.0116202441320629,-0.192140572901568,-0.703038396781869,-0.481764620515003,0.615743758564347,-0.849793702845929,0.238145026903504,-0.255964367667238,-0.0099864694280293,0.123611864777287,0.0022648588168799,-0.201851981220584,-0.41500154573085,0.943836854710168,-0.223336411510612,-0.0321499914017737,0.32008830295426755,0
26627.0,-1.82765205241516,1.47882866316203,2.07371680685119,1.91982547772837,0.60122598789241,0.832606740251576,0.0875030609521248,-2.47058057210975,-0.742265116966063,0.475287337512909,-0.62944637642621,0.278883573943076,0.303425668597399,-0.439682621816993,-0.637685039768226,-0.316843511592878,0.164629973834989,-1.00724465459128,-0.678497014362611,-0.763486419831552,2.02394589085341,-0.968531105359351,0.331355381891748,0.0458309270323257,0.454116744507103,-0.030387334178364,0.0028866952752127,-0.213977605994499,-0.33803666542985933,0
53100.0,1.22259586115515,0.470447227860644,-0.137088903528046,1.05766631907278,0.261740922121825,-0.709958651035112,0.516302683890547,-0.24713956638206,-0.359157965083645,-0.0161393811225005,-0.0545717948578201,0.568364699114949,0.478869945831887,0.493827490641129,0.879636569110946,-0.532314877045975,-0.0625525988805857,-0.879679673266485,-0.616812070790694,-0.142625808181105,0.0399924700808101,0.218968742425309,-0.127006876758596,0.109102873602925,0.794565223376824,-0.269064928818857,0.0106989832600495,0.0096699989105241,-0.32288391875483446,0
33800.0,-0.248429897694727,1.09868507717097,0.672511273463547,-0.0595020913941915,1.03748724388663,-0.280628846168464,1.04363213544755,-0.130754592095653,-0.796477454788719,-0.699328564011471,1.60486487221767,0.0011451277325367,-0.530529267407026,-1.05632962919977,0.364575337648186,0.285524755358735,0.657280905276809,0.478924573862731,-0.0963885491615526,0.0214713959930906,-0.0567239206360339,0.0100399514023124,-0.313671525294303,-0.414249582147945,0.0052379141034808,0.332487529502412,-0.134363166344171,-0.16335489686103,-0.3501908474594307,0
35248.0,-1.96741596347482,-0.187575365121023,0.149011422682987,0.962992666107615,1.40090179812372,-0.616474831126771,0.153783120748202,0.326755359336047,-0.551235863441277,-0.0877496614024436,-1.75858536467485,-0.0082999854827625,1.16270111140389,0.321025727865218,1.11061606006916,0.218882372088272,-0.623345587932915,0.548851959706204,1.04996826286819,-0.110995255730975,-0.022612573701512,0.406379045334196,1.02168808075,-1.00742624291762,0.361588789156442,-0.186648027322842,0.36302147145698,-0.00839257095843,-0.2793047792409108,0
86182.0,-1.18197651321022,1.24335957538471,1.21734754683212,-0.435647112139453,0.380174145528225,-1.15014465137439,0.79128343979563,-0.365313714253257,-0.219916681322231,-0.373702159248303,-0.174851673480971,0.337249750431355,0.814583730007036,-0.740546700252678,0.372711143964458,0.545442942305633,-0.351835173040156,-0.335750764372746,-0.747150415867046,-0.213008697228948,-0.102258820314799,-0.534143697725944,-0.0459971165465772,0.356406831665161,-0.489084504394293,-0.177912560376665,-0.600876017650471,0.217640452034551,-0.34967109625421877,0
120219.0,2.13435635555244,-0.479297979499478,-1.76330760869435,0.133435373153885,0.432413933940322,0.323713441984537,-0.286962325664675,-0.039008196994299,-0.991572556071606,1.29461734364267,-0.259571853145679,0.113928184075791,0.272925945488669,0.512974568942116,-0.139768518802835,-1.06444635187103,-0.949110078027662,2.14282949816023,-0.762135185645514,-0.575415929922069,-0.110448599961224,0.171638068872241,-0.0389277367791838,-0.397694282292653,0.307656498790296,-0.410942047660387,0.0167076033801172,-0.0577344067648199,-0.25327723811837466,0
147346.0,-0.239198347757122,0.762839421533807,-0.42570304106148,1.06596247338062,0.553785981773199,-0.539964617215215,0.229320751783733,0.389484184772163,-0.209035945609168,-0.207466516621055,-1.67511954677546,-0.820070689437545,-1.57805484939481,0.955805388944845,0.227986166700179,-0.45377010553624,0.0514676057408148,0.451955554635256,0.524468400475062,-0.225190758932318,0.394838359201876,1.0302124123011,0.0193602516330548,0.710530689255014,-1.01287121282532,-0.539707380935208,0.197060861079094,0.178411718858832,-0.345273201440887,0
148272.0,-1.57337987660466,-0.432674986181465,1.81310215144244,-2.02855285738284,-1.31542738308759,2.07802039044625,-1.30458096732343,-2.22179743892515,-0.589680398280339,-1.0493811484498,-0.437723948247256,0.960403388726264,0.50195303179517,-0.760969082435972,-2.17996169261149,-0.918426434435358,-0.108281866522329,1.53730611311317,-0.434867972739346,0.224237960080922,-1.72879840910378,-0.300400917658304,-0.64594481912815,0.311572832373864,-0.0378565606587582,1.19088709961993,0.138354205843537,0.0318390786309911,0.7402471810752074,0
34534.0,-1.20170696012676,0.132420887700556,1.65960287574736,-1.96333836865506,-0.0988350253904659,-0.197689159195959,0.914368827248048,-0.318742989644515,-1.62194234399937,0.474841137789401,1.75920371385447,-0.0923184439440451,0.0742397080006268,-0.27945136165481,-0.286119177121138,1.04498279891812,-0.0328996481801271,-1.84801797195963,0.299011598700366,-0.0761732814756354,-0.228827084572974,-0.64356939555877,0.129969173131233,-0.0241787012524321,0.118512527122962,-0.763379709349543,-0.482787535319372,-0.140797482956085,-0.02678565523178946,0
87497.0,-2.08465555552478,-0.0923807338132625,0.489194965208998,1.32846002582455,3.03120428146637,-1.34180811912771,1.65430000657022,-1.2771310048799,-0.0588876523358381,0.650534275169784,0.331064141792346,-0.295356118503137,0.29922834796361,-2.18952482308292,0.273114361789904,-1.1620859431652,1.0437623285601,-0.0652170865401078,0.654074192277494,0.103816154381653,-0.340283942605056,0.189953583796861,-0.758789895707522,1.03199152256009,1.06786943530937,-0.384563066621893,-1.0763037429666,0.0521321671144666,-0.26735050152103623,0
66582.0,-0.699688384717502,1.05031889973119,1.19406981740327,-0.834271974870714,0.728985657659743,-0.0496454592460041,0.801821006900302,-0.0331953350002341,-0.323945322014795,-0.599267095955369,-0.966400468073776,0.0373901718566258,0.567921075354028,-0.0481374660857008,0.568018964108975,0.419138087129197,-0.790844396444517,-0.683437554258596,-0.847303247611328,-0.154713428179176,-0.138523650738637,-0.540182805601739,-0.09496987755796,-0.779967411177964,-0.348963075104825,-0.0662865705705543,-0.196010839929797,0.12070079446946,-0.34531318230282637,0
63014.0,-0.403989322960137,0.46722861266858,-0.735019036493683,-2.29783027780233,1.7698533666372,3.11712123825452,-0.73866313659888,1.28704851659855,-1.6735310345779,-0.356668274288715,-0.0269133934416419,-0.999571575431973,0.138637150336151,-0.750764438319842,0.734971054709887,1.84519286044088,0.621605706904752,-0.506618551099037,1.00328941762007,0.156810880576859,-0.0326418462393155,-0.496817345986227,0.0698228069472382,0.89297038701224,-0.477001137673295,-0.57496431892051,0.0453518719368793,0.115848308337853,-0.3179262918743514,0
56041.0,1.26869852953327,-0.920565663085156,0.877254483688194,-0.80443693794346,-1.09665540184486,0.60891023241936,-1.23479532107281,0.165809035681688,-0.31903785859561,0.523664052469223,-1.09851566821035,0.191304058101934,1.85478449050347,-0.660499459455762,1.69587204785976,-0.664001145913583,-0.511906229003819,1.37554675845336,-1.16478396248595,-0.273625442783567,-0.162889474639479,0.0374283163886097,-0.0772558525324772,-0.88699243498758,0.0459792373928458,1.20009823212018,0.0121297379602172,0.0242199870070758,-0.12973637472569186,0
126435.0,-1.79158130686925,1.101580948828,0.0321870387260836,-1.24039064680329,1.58571885095288,-0.310606012951326,1.33953428646594,-0.771700609284915,0.900334384082707,0.248610240544876,-0.874131658397697,-0.148488021968056,1.0539411639941,-2.41958929476962,-0.179118488523809,0.638562588244052,-0.316354306084945,0.187555680939607,-0.587850190179815,-0.16781335447036,-0.308374878408016,-0.101674895071027,0.0025009324693554,0.0292467752790209,0.0401624862837121,0.201318688384412,-0.690505708821732,-0.171123344165308,-0.31116952620659627,0
40439.0,-0.164189823587153,-0.541166622467788,1.76735079727006,-1.5034007862526,-0.969796765957524,0.107721931707205,-0.799271928430566,0.151229613259245,-2.72628886001633,1.37560473680739,1.38688975198076,-0.211229875982228,1.02723344941906,-0.340112261801215,0.535774667491736,-0.878880135198832,0.785873213083837,0.575071275935462,0.627850160688023,-0.0637116024498857,0.205229623870695,1.00391440975238,-0.0816335167946286,0.0433664643278119,-0.435220749532365,0.0511266425142818,0.197648811975489,0.140449055993165,-0.26795021445012696,0
122082.0,2.25986902814473,-0.594000970588033,-2.53776626509884,-1.00422588380783,0.197899724666319,-1.4787966833553,0.318045640056368,-0.483640604610774,-1.09101432886677,1.14809852824173,0.471256490376065,-0.803878556814767,-1.47961764044551,0.886325761592864,-1.0720861546941,0.407967855118071,0.265813966083601,-1.00216447867976,1.16522785721323,-0.124022887571876,0.498018705839043,1.41372714860774,-0.272121968652808,-0.268384790991399,0.729029053118674,0.304050839841042,-0.109893692794773,-0.107849297722522,-0.27326766908806444,0
77901.0,-0.663521542687757,0.106065897536387,2.29662113141264,-0.791719766395228,-0.577782889232786,-0.451402848390214,-0.15984357297015,0.29370593886834,0.289610938022901,-0.682812072583215,0.857548177112138,0.228534862638431,-1.17107673827387,-0.0471025967974322,-0.558993200586273,0.678851025712404,-0.614041783843309,0.557017378989992,-0.344238397270241,-0.0949917117973267,0.255699172451709,0.679181142395507,-0.0748980717124214,0.584930172272563,-0.553715687722058,0.884280258261524,0.0543592251659093,0.129367023809723,-0.3032533155425991,0
63929.0,-0.822668234578217,-4.21568238572713,-1.23289756044657,0.432184609128018,-2.07978467544751,-0.701110653281786,1.20427838295372,-0.541746825560141,-0.746307825229447,0.0691725586333383,-0.642476719011295,-0.963913050524623,-0.768996413256068,0.258572169263425,0.0217494387978197,0.72360329256022,0.712309830566056,-1.3053085619682,0.449512337616582,2.35177425223791,0.843916196414263,-0.204387353829158,-1.17747019819142,0.482900311414174,0.328588660124392,-0.186295902523731,-0.235525702357115,0.204428129331109,4.340203951820822,0
161040.0,-1.05955653122923,1.26802299251413,-0.099755372605559,1.02172810088455,-0.0006660889959748,-0.500677094188874,-0.0225155976538881,0.814689667798862,-0.901033724050689,-0.339588687268884,0.291893083652877,0.530157229786607,-0.782634359140898,1.26088677158045,-0.466145900808143,-0.314645549362301,0.105687027907523,0.686321378785079,0.768652147752201,-0.335453161530943,0.441150391376583,1.0570430219453,-0.244627670686196,0.0271898722279917,-0.265698789724427,-0.394290783086255,-0.138333656297286,-7.96994184795601e-05,-0.3412751152469491,0
78705.0,-5.79536550150092,4.75357119786253,-0.698844946147318,-2.36187716905183,-1.69778876070521,-1.31939435628006,-0.0439775922459314,0.776812452027775,4.05178124507316,5.69053227574829,0.373362221406366,-0.0491012262151592,-1.18282868363618,-1.02263320193498,1.12479939240529,-0.172789801872097,-0.189281035130577,-1.14223081643442,-1.88338140561069,2.59489068927774,-0.65471887121781,-0.495444313548648,0.34024214356824,0.518151763042845,0.553427566234256,0.761115650013196,1.87884734251538,0.877090428075612,-0.35015086659749134,0
72431.0,0.553483088310415,-0.80190540377917,-0.0723514956792334,1.28074816041396,-0.599682314418236,-0.536265814385834,0.516574402381625,-0.136511611152915,-0.218896650432425,0.046647700158723,1.19845607952874,0.547716172987024,-0.670932944039727,0.78969404040847,0.332103466194158,0.320294385570688,-0.630811250762745,0.491916570727519,-0.183112766008314,0.508602800060996,0.27476739877891,0.0091055677780235,-0.399421938241215,0.34135500058878,0.512938033303207,-0.379318615436199,-0.0576295870027377,0.0671500170718734,1.0044806976325666,0
78439.0,-1.27596979403958,1.00092354715675,1.56815620362602,-1.56974024784527,-0.302547209911509,-0.427943153845145,0.528163778680212,0.150210300033792,0.748561499632678,0.585671515588352,1.40653102422818,-0.426132498121112,-2.34350851487086,0.197033696189702,0.35780013297172,0.404569502309703,-0.580544297989902,-0.177035843683124,-0.90462154662481,0.310204696129816,-0.160837935930828,-0.137481917992436,-0.0074727473601484,0.187307733943253,-0.417719594059493,0.711818807599342,0.418123518887846,0.112830277847551,-0.30025475089714565,0
11041.0,1.24186354911779,-0.0779591850523516,0.402253817944083,-0.0542798079063066,-0.137580428426502,0.18459499981927,-0.461672049551755,-0.0477605369350322,1.39501808140024,-0.391097886301415,1.47667531490224,-1.50271678005546,2.9651626758626,1.39774444856991,-0.148194807635742,0.977256109855865,-0.439681609545275,0.906675509180607,0.311346395776164,0.0819301927657969,-0.0653976931905336,0.0412234236231248,-0.20527943930052,-0.790936161535668,0.359475450171071,1.08023400649396,-0.0922139226653138,-0.0099410673365273,-0.1973040314032433,0
31613.0,1.06967470930772,0.144110132323857,0.155684821098831,1.0100221605549,0.0820618354779031,-0.019215528778117,0.161340285588188,0.115214096736209,-0.319216647988251,0.158725955653784,1.22785640483142,0.529940145251453,-0.864803543368012,0.853036123554975,0.54580970017423,0.218178035989644,-0.4703462454731,-0.432265679402942,-0.114186084283149,-0.102176124418088,-0.390886516135768,-1.34554691569667,0.169177575886352,-0.403043454102309,0.141206906621324,-0.809226557910216,0.007221913420734,0.0199667944010303,-0.12533847991236008,0
46656.0,-0.565783062777518,-0.300559984526345,1.94755720506098,-0.432569277710522,-1.09196126994623,0.129122832842499,0.0902355889099481,0.254798010139897,-0.954452393861135,0.202418420399581,0.343822574752761,0.0885119058955028,-0.583225049294164,-0.150901139912737,-1.03555200806157,-0.739930662174095,-0.726289228730838,2.1049784034461,-1.64300936815992,-0.379665388160254,-0.116819751652333,-0.0803557507271144,0.370698787600963,0.225195082818678,-0.810467788673344,-0.71845518864666,0.197879275153444,0.208621389634687,0.15852563985723475,0
22792.0,1.45480522601431,-1.32050677971132,1.45245704961668,-1.06075936711729,-2.0852622112784,0.0855810783331429,-1.95606553407255,0.0454463649868842,0.41070217474431,0.919290860226654,-0.332321128612948,-3.46841733226365,2.27248120704469,0.374764950241216,-0.283719272680965,0.0191345746362309,1.01765505285053,1.01454756992882,-0.459484480664969,-0.323995860009647,-0.144971601892112,0.35580358240172,-0.0831164787199199,-0.162639740982488,0.29575913885649,-0.0145290872085934,0.06559512599661,0.0281105450327952,-0.25327723811837466,0
97182.0,1.96859687878954,-0.840484392379933,0.0037790381999606,-1.31072936574698,-0.999024513522407,-0.13700833539181,-1.1706825121575,-0.0327603175469216,3.73896303343569,-1.43177017367629,0.387070391615794,-1.02863000486679,3.35845011768983,0.751860832066515,0.808126008775712,-0.0778249844748839,0.124521646169956,0.687913528898518,0.119361569206927,-0.0330713763408548,0.120228887755318,0.864583572218256,0.171968545359116,0.628220671523186,-0.299787454151347,-0.24916707880672,0.0455654033023349,-0.021872793214393,-0.2019817922501507,0
77546.0,1.13965567031716,0.0576198135585933,0.411996393002236,1.35315932140897,-0.425574462280259,-0.363385420997728,-0.0406255149151178,0.0732352855462225,0.259780391507031,0.126431426965194,0.685613383618235,0.34008992676068,-1.68645254296286,0.534081935957381,-0.881719220630005,-0.162679331650755,-0.179948187547665,0.151599329578652,0.286609928471512,-0.218066106388791,-0.0873063917776007,-0.186380193093206,-0.097884553799807,0.297198703460272,0.650691564050903,-0.355574711929758,0.0075443380123112,0.0081026153219002,-0.2696294106515809,0
115560.0,2.01769905666724,-0.418598608342544,-2.56201707615276,-0.715466785847074,2.3715903193036,3.32416855084392,-0.456446618483165,0.787120327708953,0.40135978262451,0.0852677329506076,0.0046356308670258,0.390870678642427,-0.209506536678833,0.499415002947006,0.474784220642147,-0.169339586921812,-0.367753836206856,-0.973068105568671,0.0174079175397611,-0.120154482132073,-0.28300157303109,-0.843827058486516,0.366668471517714,0.699056934283201,-0.271077156414585,0.217451226837289,-0.0553621531258045,-0.0639626026625626,-0.28130382233787976,0
4003.0,-0.357300048070792,0.0753478494370153,1.32468669333918,-1.36040935325949,-0.0910939310367699,-0.749755139073376,0.0447803779960397,-0.145344411041533,0.57975816293817,-0.415289605593745,0.937570933104511,-4.12608832954934,0.525439455349105,-0.0455528424560178,0.000586608203267,1.46508480037621,1.71623931088969,-0.830759891165737,-0.911228568004468,0.23553897847489,-0.0814660666571604,0.029697019574051,0.0290769786732405,-0.118522117704348,-0.1546417869993,-0.478175525546564,0.0761809082995269,-0.131219711432294,-0.19410556244809293,0
63203.0,-5.69712454036011,3.12281438580599,-3.10717234403938,-0.666631699110452,-3.85651901117703,0.924766008399177,-1.4472613062934,-5.58448556855535,0.331445175567294,-0.447696152052465,-1.46272161206198,0.660657991173689,-1.33283606803655,1.71546022639726,-0.550291022653856,0.904149060583105,0.687994132840879,-0.43096322568178,-0.752000818524468,0.0912469988233312,-1.49422110232663,0.396500093472003,0.779998088352684,0.448429400760109,-0.203063486135339,0.853513894227856,0.840640389654631,-0.878523107522316,1.15828707351336,0
164123.0,0.0498402490693933,0.833700804429382,-0.550159858870774,-0.719754302067507,1.2008786488687,-0.275388729117105,0.788664598254566,0.112244051647778,-0.22101475867921,-0.660219577287413,0.667569169737132,0.269304333751644,-0.403859859228653,-0.754824230809082,-0.819585909567895,0.592627618092029,0.0635302460567752,0.361438711824787,0.126888008554331,0.0473502806942871,-0.301455198410449,-0.802762847804426,0.0818280436547297,0.10540145467585,-0.424535321591874,0.123412736214313,0.213310843164098,0.0713137078802723,-0.3137682822326559,0
144659.0,2.22027594131361,-1.63535762916808,0.083633959030876,-1.42123394247537,-2.02867656809755,-0.400103615991509,-1.77403764783806,-0.0208663099656018,-0.584132216986503,1.46209621122476,-1.19874721362361,-0.586305774134792,0.871909453602172,-0.985677370407531,0.0599831744992898,-0.0732091195629916,0.258641654189149,0.287560299090849,-0.281721419268709,-0.383611369339546,-0.144939480152457,0.140737832619645,0.317895627603905,-0.13302053966288,-0.523929261951388,-0.240369416612009,0.0663492240692268,-0.0287201654069875,-0.2536770467377685,0
49780.0,-1.11262345427794,0.712735770342734,1.49465520844294,1.05298341817258,0.144793945611037,1.086223877117,-0.71665516476231,-1.13140538613063,0.387946883076628,0.031235047928245,0.506160849200848,1.20556343828496,-0.0965745413261867,-0.30127003910999,-1.21077609287635,-0.885839348757184,0.435932635180903,-0.0583121501143392,0.94032078028856,-0.385641102878612,1.4579098845939,-0.105591459299074,-0.111266458120385,-0.283165409794374,0.0844706749097448,-0.194986987134256,0.551404733692399,0.0731031947450705,-0.259314348271221,0
81650.0,1.22194204736868,0.284236103955153,0.655659572847237,0.697635989368564,-0.584814363906884,-1.16038980327625,0.127886491773851,-0.268962610498605,-0.0856345493947036,-0.0908220611278628,0.197564860213678,0.854420984915365,0.967915640491332,0.119746564100939,0.931220285822936,0.175280250960929,-0.344396708195115,-0.734275387983668,-0.249552532548674,-0.04176453840385,-0.22283014927568,-0.630495049695511,0.1611606257762,0.726238726831818,0.194791100902022,0.0710758456020737,-0.0255445872220236,0.0252837869988304,-0.3132885118893834,0
164073.0,1.98151816680705,-0.420810872532877,-0.612142733994534,0.302730274174894,-0.378256743448906,-0.23653927998501,-0.472344177250753,-0.0027259217502873,1.38088673442708,-0.170758473034584,-1.49969486305994,0.112133397528515,-0.124657541213201,-0.0004137236890519,0.79566001738202,0.374595853736221,-0.741272121493693,0.0115323244759286,0.133642961916754,-0.182641666715087,-0.213570647302976,-0.522401475146775,0.268243165944079,-0.828450577660948,-0.362883981736949,-0.573348817506214,0.0304814940823353,-0.0354402811601248,-0.2274096204435961,0
8619.0,1.12910942336454,0.342468035421511,1.66349385665962,2.91919247552481,-0.761251766705759,0.183303126870668,-0.676978092176477,0.106030495975359,1.45726750732398,0.135099563092796,-0.0795037958873093,-2.55654869084435,1.27431278715015,1.10059503229403,-0.996643661459218,0.611265806444506,0.33916280463648,0.123260126744385,-1.04120282706498,-0.233488571213715,-0.241923201549429,-0.313466750801036,0.0614801942848315,0.296673278341607,0.261252008260912,-0.0799548659304269,0.0136495124428678,0.0282818212651267,-0.35322939296682354,0
56705.0,-22.1874526435868,-18.9550811559028,-7.27728493816164,4.78635625536084,-6.21432609029272,3.1377379378543,8.67615157984331,-2.79071959123175,3.98272218014165,2.06443995002562,2.57775229519834,0.82102197055061,1.44319133709482,-2.22935432440484,1.8748738440901,2.78963587408457,-1.01012415575378,-1.90360006334874,0.818867655673521,-11.4852297576421,-5.00618077397513,0.090859163609426,-1.27454780322374,0.743120981600387,0.893133773351433,0.885373895576889,1.27672363138659,-2.28557653269914,3.448110979367445,0
45884.0,1.25584007456052,-0.195585612044839,0.585056330007277,-0.0873551605864495,-0.7321927604288,-0.36428724463661,-0.541469620459492,0.109694199466422,0.368161392314137,0.0555326723145335,0.881510618164491,0.180029351206933,-0.848637373764067,0.405248856325055,0.750907695549914,0.869157502439143,-0.773198025781371,0.620130407863875,0.245848764510463,-0.107066237355051,0.0900489966748087,0.224196858433256,-0.0618303374451362,0.0097011584832018,0.22380739069463,1.08055258462408,-0.0706431504603717,-0.0064427104321219,-0.3492313067728856,0
156883.0,1.61841384089308,-1.05022623313087,-0.748173225636808,0.396243701751289,-0.701526732776887,-0.228968521313619,-0.256273300855584,0.0508076307984259,0.983710454839869,0.0454461356791853,0.338621214372072,0.620880883888731,-0.962376990258088,0.281909083873747,-0.717925096613243,0.427893613325142,-0.545182848018024,-0.0960051390715218,0.612629233693232,0.133409411349006,-0.297261499826268,-1.19569480708354,0.275561331747261,-0.372357086500811,-0.718077841207746,0.128364098792202,-0.0889597291302291,-0.029272048618742,0.4303955010450157,0
148788.0,-1.24331587335005,1.60911710185067,0.0739353071488972,0.0441039778566521,0.252773294208498,-0.971955196456007,0.785804189199895,0.180273544063814,-0.478316524533259,-0.960837568468908,-0.626369935178702,-0.679759794099173,-0.647096513831857,-0.414410991578515,1.41441256074457,-0.177636363051281,1.03487128252121,0.830134852798279,0.640390400549141,0.0295085696245354,0.216009686247348,0.606914962290397,-0.536746526661394,-0.1500577581758,0.945900070469349,0.207696107882036,-0.0854810138049446,0.0804469587741443,-0.22756954389135362,0
47509.0,1.20766740852106,-0.883795623017159,0.110277427187557,-0.632269904623993,-0.714013426016898,0.106253986761438,-0.579326370000624,0.104923345853405,-0.690483311523352,0.616314592469256,0.933771311767365,0.0471764538074427,-0.507581285056097,-0.0939654010262567,-0.930038573914157,0.50125968314009,0.657513553255839,-1.52734414519048,0.972774425016352,0.14155351496666,0.146447670347966,0.350772853536255,-0.182169688197136,-0.261843289121332,0.586425991327534,-0.119290499307587,0.0019413946147443,0.0026174378323443,-0.0376604496793007,0
74104.0,-0.941520731403236,1.2904874966445,0.965653056011495,0.0461435143244863,-0.363482558092654,-0.809389177105256,0.314009015957683,0.436211967074827,-0.776228738958536,-0.468539535468337,1.54120164468566,0.858021838925071,0.119959067367886,0.0459171364712755,0.149668613603663,0.637989969031781,-0.0149544334564165,0.319826961069632,0.125227277006739,-0.0135028007881479,-0.145848643503725,-0.538492984808491,0.150613607534383,0.483059434078243,-0.18092489960647,0.0349143370146353,0.0005735099502609,0.011528451754462,-0.26019392723388735,0
27956.0,0.968800517020151,-0.0850179235114109,0.300872873818532,1.47116390955532,-0.208497338359116,-0.133166740525145,0.232459072604987,-0.0661661797586859,0.213145628216464,-0.184782204356737,-0.460926900089713,0.764829155590958,0.321383030163552,0.002321608358493,-0.128834514195357,-0.730114521110721,0.24178691302973,-1.01067843184304,-0.40309332737889,0.0445073573842113,-0.0352538301465348,-0.0744443612655707,-0.156725427761256,0.11197320249872,0.640611729844826,-0.325102081977788,0.0235190145958623,0.0346655940210465,0.08656008836635155,0
83573.0,-3.29646731710291,-2.56645834016484,1.29038658049971,0.676985399489815,1.99281263473209,-1.40364131775555,-0.265980563821139,0.273316930142377,-0.233819837605032,0.102200117204021,1.41249893754265,0.296848054587914,-0.765127654530467,0.42590779295436,0.713310786118992,0.269518679864597,-0.412179384259164,-0.0994094746073476,0.232492765970231,-0.453566073539262,-0.368247010270401,-0.169052845690235,2.77779476332213,-0.0795102539730717,0.363766060562806,0.194559539778428,0.556271714435979,-0.221485418414359,-0.33895622525446506,0
75788.0,1.21170475288528,0.752970262736092,0.0118598162548448,2.21879306399295,0.796156546099161,0.209005753207865,0.488821882340572,-0.102876007417504,-1.14462691278196,0.60398890112307,-0.754705631263346,0.482511347334567,1.39113608098533,0.205969790340767,0.441840141707362,0.393222717722795,-0.60689267146342,-1.14866706193679,-0.781279947452375,-0.0691431782305665,-0.392773584801572,-1.1391166619383,0.0680778224173206,-0.800475225691761,0.404454624451112,-0.268756891921559,-0.0074639155469552,0.0134670180686024,-0.3078511146656278,0
127636.0,2.32361032388893,-1.46881499653187,-1.50100489958918,-1.92087690729941,-0.60217738656286,0.244755043836187,-1.19509489342619,0.0321670831515556,-1.33412028943565,1.76006169677944,-0.395142673282768,-0.841343070473818,-0.144208363729298,-0.135590968970457,-0.727052975444831,-0.0622476849351792,-0.101732751740904,0.809886925627805,0.575734367924249,-0.393484736789662,-0.195303232390499,-0.156044461042907,0.119114462869126,-0.386069270222525,-0.0617723906640858,-0.146546713783316,-0.0075090582734726,-0.0650596599781629,-0.25327723811837466,0
154443.0,-11.7171099626445,-12.5280916211263,-7.73184728196876,1.53184195365833,-7.56708376965933,3.28856015514198,9.29527708304525,-3.19974413471274,-0.60068250624758,-0.378153765411881,1.56880280776438,-0.19781670728441,1.1087064661623,0.0491893659016998,0.277704778768566,3.57483974326769,-0.708510236805081,-1.78594827615331,0.4841304456111,-7.1924298954803,-2.25844634283498,0.201364264279215,-8.38468775150859,1.90918110781831,-1.95780455311854,-0.189682991430905,5.98679781695361,-4.9509696932193,12.032761674129084,0
152411.0,-1.14176387253025,0.830547316371239,1.40797438986376,-0.46720297255347,-0.397256527160101,0.187648483646211,0.626574828105798,0.441604764758112,-0.408839811073159,-1.36459845535414,-0.843157339551494,0.593718584719445,1.23456788521287,0.0712222312150622,0.900872731924786,0.233723839872199,-0.416008350371971,0.132712691500025,0.317745828122311,0.259185757804088,-0.0151032926864534,-0.379003709821158,0.106663742911855,0.708855830425492,0.422792726484621,-0.448007503811733,-0.0933606741203417,0.0311098199169509,0.17955557323734836,0
74272.0,-0.51104653250883,0.128615204382009,1.26506940795874,-1.79798766008096,-0.228901615882801,-0.633205490889998,0.197038482900066,0.0383718058619568,-1.47356032392734,0.419690347667574,0.681416315482762,0.308200800503859,0.41937579111391,0.0456424790395317,-0.454781084705349,-0.812460395410319,-0.693940243493161,1.55771897722776,-0.897435511662974,-0.269044968086007,-0.330286950541061,-0.49623434084535,0.0228226318035584,0.0012629877912771,-0.524241510330167,0.75668891290316,0.295653421261295,0.191916854153917,-0.27326766908806444,0
133086.0,1.88005791011171,-1.52828966047343,-0.891863087022489,-0.839279125754449,-1.16070309220006,-0.367821924858687,-0.895629967607663,0.0540839081075523,0.0366864256772262,0.897744073467958,0.359209785929656,-0.811787899888238,-1.63112043420758,0.176772611531802,-0.336909152159536,1.39653865241858,-0.0196846615299821,-0.5770694944267,0.851543817889607,0.138323920372766,0.314190341698592,0.5557041120996,0.0362236499702731,-0.414025229689016,-0.283858746396613,-0.180009534490424,-0.0371070700801015,-0.0439369370534161,0.23848736373599388,0
161855.0,-0.927803333991077,-0.42962742095579,2.66428973933566,-1.56601206986273,-0.578085788557998,0.395327083296647,-0.296689602107675,0.0992195260607064,-0.46636976349701,0.113485462651166,-1.14831502708789,-0.199599220921744,1.18397997327597,-1.13549624234022,0.507087310695815,-0.805530093435408,-0.667311077285533,1.79090453571499,-1.26790381770487,0.0763238967155441,-0.194237099439928,0.0630476799206952,-0.11560645875006,0.751141069025337,0.24962614121287,0.701726686811003,0.102061364869536,-0.0726086608106488,-0.06736623010025973,0
27389.0,1.06151578375396,0.625462203490187,0.178129483224139,2.38462123321725,0.413382221992156,-0.122757077271303,0.509772807870751,-0.0799378999153554,-1.49970987620927,0.813381697214531,1.75297322290598,1.29469455928332,0.907171551134828,0.550079112522166,-0.370824475826952,0.127989595737417,-0.436119930198539,-0.645948949100169,-1.05086589151196,-0.0517798786564074,0.111371352626837,0.270453506717053,-0.105987509823832,0.266943183397946,0.623621400202885,0.0604404310645825,-0.026476604447866,0.0070982224682802,-0.1996229213957273,0
154727.0,-1.39521167330998,1.46895135245038,0.782818694417266,-0.434647675804706,-0.234173400974289,0.442210361749224,-1.08069384293248,-2.19815202356863,-0.367012327383967,-1.49101253749997,-1.00132380367749,1.06160597717118,1.4506413915736,0.299274971810154,0.686678909349235,0.303487412359619,-0.368080485894149,0.45127674504488,-0.0767651685652144,0.558590441233237,-0.92094351215982,1.34882209315039,-0.0136775681721004,0.776542008099795,-0.0183094929586648,-0.216556271754195,-0.107947228628766,0.0871793060273874,-0.3258824834002879,0
156064.0,-3.70407088327691,-1.5876600205438,-1.23964365322908,-1.7529226958515,-1.55548129641625,-1.43997613964084,-0.939728842786354,0.841815685663589,-1.98398709845274,1.23046433309862,0.326975318897868,0.094355737721607,-0.0640179234641123,0.364659425105516,-2.13314676590607,-0.671593712569942,1.09167071305543,0.311353732760959,0.0413937074408101,-1.17911327376659,0.0532797277516217,0.997593041605487,0.0336395135359426,0.63346718738546,-0.18918202938452,-0.109359750394483,-0.806390070610058,-0.741137261967159,-0.3452332205789477,0
165535.0,-1.77353958481178,0.561557288509751,1.30524390701945,-0.665886208982855,0.719802446824817,1.52534529643746,-0.192382140259278,0.805987585116683,0.32220744210302,-0.3725552045419,0.847938325634461,0.379835913511066,-0.688401383057024,0.360401718318496,1.56058312705051,-0.592921248165026,0.0814856201942579,-0.290640731737181,0.227988762817301,-0.190027504483825,-0.0986581790357693,0.032686108379254,0.0950519392287605,-1.70402061412319,0.249313149222329,-0.575893427436077,-0.265569289170861,-0.123837355592857,-0.3492313067728856,0
166617.0,1.53304197309236,-1.05946810906488,-1.05948660686315,0.798000544055697,-0.706346673969026,-0.829698978918991,0.124215136348928,-0.205543768453766,0.916504989200789,0.0026348397411297,-0.991067139323335,-0.252602475893151,-1.08721460147148,0.41781240060466,0.462586928565019,0.106122383085902,-0.287372671040625,-0.292357337527983,-0.280954442072217,0.208285438633927,0.109067458143391,-0.143445714560729,0.0221564874645095,-0.0118352650502763,-0.348439300599914,0.206653887714701,-0.0913047630682795,-0.0126419644130008,0.6730793330170497,0
73828.0,1.17414604737554,0.162793854121092,-0.119348733880695,0.648746641838196,0.583695949777082,0.71100368974566,0.0182410470354462,0.115518992236449,-0.277259541812277,0.0764102304204395,0.51591950253861,1.10460697988038,1.22387797994811,0.274796816633261,0.561636315717671,0.42930865517671,-1.00042320979499,0.202127179134038,0.0523703986369472,0.0231948251353462,-0.0302918423804739,-0.0840874140009289,-0.214982151232176,-1.33030141805649,0.6425356957841,-0.349134314431829,0.0334444503909892,0.0066523569006844,-0.1933459260712447,0
80644.0,-7.17109133565808,5.40166954327273,-3.13277058049952,2.11608611253925,-5.43422841279127,-0.341718632296292,-5.12124910095815,6.01356509965595,-1.89824980823329,-0.724592683665167,-1.01822570577004,2.17033831002426,0.173198953709876,3.92480037271629,-0.225181365464216,2.9049718819753,1.18964761011356,1.57934172555073,-1.18080746049166,-1.46096826871243,1.0760869548586,0.854470690206316,0.656578101711481,0.492458893835993,-0.38368286203685,-0.117310760848264,-2.58586404863915,-0.596704524719226,-0.21961335236541707,0
20563.0,1.21505792189385,-0.479001533197899,0.647104048418887,-0.872856263878468,-0.604215487452565,0.479344670715688,-0.958284432719463,0.309688841811831,3.12417397394305,-1.28335919020441,1.40409798648227,-2.05872188467044,0.177900267468672,1.75220209331669,0.311216582506814,-0.24574401302525,0.384329407410928,0.971211433333156,0.618789598093463,-0.246576347876566,-0.154618905765122,-0.0272287627401579,-0.100211393457831,-0.923694899606066,0.438357317915732,-0.654792968541375,0.0679930603432343,0.0041393754985914,-0.3312399189001648,0
153839.0,-0.418724697118644,1.44671188516738,-0.88584179641877,-0.559535028926991,0.546350452177117,-0.8984395865162,0.600700185228374,0.335894796382636,-0.001208809626429,-0.745557633615403,-0.862382835556165,-0.0348443779875401,-0.0743989123803822,-0.744480474976875,-0.244991814114507,0.447499950978561,0.524796096546556,-0.167958315193753,-0.252741555727035,0.0244753832890519,-0.334364292159975,-0.883089304156289,0.167469323883893,0.550150140428475,-0.345118675977649,0.121692566474843,0.204532102435734,0.0796526050224863,-0.33327894285907317,0
157376.0,0.487400936988766,0.334338371766008,-1.61274359311043,-1.4623253538364,0.678717408990461,-1.70416683033902,1.2235478560144,-0.421193102628091,-1.54776101202857,0.975262545292998,0.168830946743889,-0.501889231270541,-1.60512131784863,1.09751134415592,-1.68388248549791,-2.07228156370236,-0.181985832436396,1.4013311028455,-0.763163043026571,-0.632284966491887,0.136577104138071,1.06441167762419,0.0327074651645838,0.105682052625626,-1.42194437302615,0.650605496507232,0.491197918969282,0.369396846371121,-0.32924087580319583,0
30820.0,1.21671939009206,0.244986800517042,-0.0768729150287105,0.486444504505133,-0.150847754024423,-1.10166493725589,0.404663626051417,-0.248608301628661,-0.501996034709011,0.152432491454753,1.58969024744726,0.935117254160111,-0.0962451271347659,0.720682333653783,-0.0017576395716009,0.0132653366044955,-0.402574735843706,-0.136896865117161,0.158151516221919,-0.0727077683354265,0.0460262834308163,0.0974623684825502,-0.108573338058708,0.601827111462384,0.605460187978418,0.502770550167244,-0.0786198731756744,-0.0064997818089379,-0.27330764995000384,0
75816.0,-2.04875611542444,0.364902412542811,1.1745812466166,0.130470789058222,-0.476528645558568,1.7555524110623,-0.927228421458747,1.73677156715404,-0.0304089895308425,-0.845172402462367,1.37191711824987,0.725768943986663,-1.60085588964694,0.790368398529257,0.366101472783851,-0.938344749668241,1.34851319515759,-1.24517530859636,-1.23095094636154,-0.300283804168022,0.380678702761347,1.08917044307228,0.0757234282366648,-0.784817418093748,-0.348551634143694,0.575119380811111,0.0826327281305033,-0.106446150701862,-0.15352498757962266,0
161635.0,1.67532708671669,-1.84335667025652,-1.31288263210973,-0.960417928645104,-0.561433207195962,0.615674270708731,-0.650027184859642,0.0811881471370238,-0.103870517689829,0.67737505786767,-0.104188547704292,0.162003638950106,0.473718422900425,-0.381917934142014,-1.03398924842182,1.47859964126134,-0.288435752905237,-0.949373047544915,1.53200665123312,0.588971535026658,-0.0703556300079101,-0.796350996316599,0.0751448192304077,-0.367499312394711,-0.440422321943278,-0.589165486684528,-0.0510165474479773,-0.0094025377561862,0.7737511433804074,0
141570.0,0.139120013812182,0.242832640504454,1.51022268279847,-0.535755727121448,-0.0452402589971803,-0.432201441278192,0.579533933695521,-0.450224864543035,0.943496207261457,-0.136214828563938,-1.01198781928581,-0.218663815366749,-0.124320293354739,-0.811380752485522,-0.0183727207797699,0.164829853536975,-0.802072882375311,0.0764038192618898,-0.453424417002951,-0.0497460753688811,0.1451245572803,0.887134906652144,-0.14855355334239,0.0956144946648428,-0.59852689723438,0.423162908577204,-0.401251523874102,-0.404827262660435,-0.3072514017365371,0
34617.0,-1.11894809045657,1.02862295123234,2.20546677456846,0.68844197117208,-0.866464628358521,0.285609284686304,-0.208854731596267,0.0314406250366171,0.725796454820385,0.315527826979768,-0.337272878830272,0.0258882336042435,-0.453497488724217,-0.540635161762986,0.821131439575871,-0.788905975278361,0.569925957811344,-0.490611401832664,0.622433523273865,-0.084456870895257,0.196986221496126,0.414288935185722,0.0373607610021363,0.426039902711743,-0.780432542980916,0.307337471760926,-0.790146035416702,0.150705045829432,-0.33327894285907317,0
165309.0,0.435875232295634,-2.1558513260787,-1.24608057039757,4.57703927407487,-0.428315666830742,1.09286930729582,0.734834330574952,-0.0491563085915394,-0.243128703222557,0.906517129688439,-1.90132214058433,-0.0076067726216417,0.0214164157208052,-0.265751568177105,-2.05879930449406,0.307125233279832,-0.277226626099557,-0.25242511091962,-1.50493062501397,1.24100377730826,0.668019570741654,0.537692948635053,-0.676232841817669,0.68085020476992,0.0258874002809888,0.209117772470867,-0.146592899133277,0.0856946346727034,2.6795588703067517,0
41016.0,-0.789010814245068,0.865262360188272,1.2379188599859,-0.433439856130618,0.98707909250884,0.570705379402896,0.859363722235661,0.28376611460015,-0.707659280051151,-0.630377221690508,0.0536659916053755,-0.419451783688934,-1.27044052014786,0.643247959889428,0.110989540346387,0.504166181041872,-0.969330213051436,0.529581236233127,-0.489059174305909,-0.139626100252851,0.0811550341073766,0.0764413992476387,-0.472766056127463,-1.18376620032327,0.71748986259455,-0.324986350142224,0.0247513302960702,0.0354076512706483,-0.24148288384625768,0
118616.0,1.96783866837883,0.310179452356632,-2.33797571312796,1.40030279630172,0.854722563899145,-0.705891707605447,0.442309624627414,-0.0761176025308973,0.168588888395578,-0.136741100712377,0.840451482149038,-0.363728222170678,-2.40445667353845,-0.391175591419572,-0.80426527879328,0.053708888446482,0.881794621208142,0.766117178854189,-0.144732746215757,-0.330222319690995,-0.003331882955738,0.0452522718686058,0.0187781155415781,0.526035171875053,0.374302309052214,-0.5361107174605,-0.0196592727651272,-0.034949801902369,-0.29121907609884584,0
110573.0,0.0254582912527155,1.01210795314914,-0.928927916840112,-0.806503236166426,1.14695183786374,-1.24377351893733,1.48703307835327,-0.4802704528832,1.1405627374193,-0.692938533743843,-0.0504857211941806,-3.07075232511986,0.642137569362649,2.19262379867999,-0.645522484764638,-0.558802396914949,0.348807456992213,-0.0071341587173043,-0.315137627150358,-0.163226176065221,0.0064796230092981,0.361827137778668,-0.14008278670994,0.695076660300596,0.267431938798978,0.106585594628483,0.0475356911247763,0.0153905027706942,-0.23220732387632165,0
64947.0,-6.32787035882184,3.37347688475542,1.69520906699441,-1.60606129098079,0.0234870197241286,0.335385500541991,3.10918576245493,-3.44959943308494,7.92905085850205,11.4986653058594,3.0290113282797,-0.795491498831667,-1.1394299789599,-5.81079053392735,0.407964966263641,-1.71170548014735,-2.38290343191516,-0.532181900003437,-0.0971588649474324,2.88887363090371,-1.63437311078586,0.399711052974971,-0.352190003704679,0.482383482882846,0.160342046222738,-0.530889378320184,-4.74888094844233,-3.71310771119401,-0.16803804046361745,0
64527.0,-0.418609691557817,1.15260659317834,0.516927143452251,0.803727005128837,-0.220807038535537,-0.322341682349355,0.227974332922265,0.440540698536165,-0.710776640625717,-0.0654067585477563,0.592232037591443,0.0897478480579331,-0.982724683245525,0.974210525005358,0.42873084499239,0.186560464439181,-0.359292584902494,0.843823576862856,0.765585789573027,-0.210563560781878,0.204575558148887,0.387420797940459,-0.0845207028781801,-0.0150294014815677,-0.165973822865263,-0.333671538053284,-0.18067384714052,-0.0423770713864147,-0.2653114775621279,0
156720.0,2.13951729682718,0.0301597619565248,-2.13916333500984,0.292152278608442,0.611764516894681,-1.13253215954457,0.594794980610526,-0.407863482102714,0.291090346456038,0.190729396653136,-1.10689922631389,-0.290871061843488,-0.970026446382187,0.738183141398014,-0.192472449842401,-0.549711815964825,-0.104473176027013,-0.600084148139436,0.189075530534404,-0.270066061451803,0.0744802119958834,0.349101750880757,0.001915925582522,0.721846390762117,0.383326042538601,0.687549739990826,-0.123598404305773,-0.0812505192370185,-0.3501908474594307,0
60017.0,1.12880431454896,0.275910420318101,0.595557061581306,1.32807620631703,-0.419713659850014,-0.70620854777782,0.078332906783677,-0.0954928439491501,-0.0487773489399427,0.0161189909638614,0.270843671467722,0.40728161997363,-0.113098916774093,0.399153166636622,1.15633562224394,-0.294282805049277,0.0016044061552732,-0.684157736703462,-1.03734441467864,-0.167276076307875,0.140046420496761,0.45501492701813,-0.0243941442646485,0.62239501948945,0.523980623537617,-0.285529008651128,0.0327241010594554,0.0262250943695399,-0.2852619276698783,0
46528.0,1.07673701575448,-1.31469192839342,1.41015960185119,-0.176035010763208,-1.9581123675853,0.0006778913856328,-1.23949459415174,0.0930266298696796,0.360876948461973,0.254702537202435,-0.850952114116768,0.160701234180871,0.787146348096928,-1.30046818433984,-0.868566437982507,0.7671298772847,0.666534696348626,-1.31972650021715,0.778154080301402,0.346291608743312,0.257318081215589,0.754676040827214,-0.196510114798311,0.470653628516811,0.413881677459002,-0.0876860656816193,0.0573704843837306,0.0515684911309789,0.17959555409928782,0
78461.0,-1.53516441600608,1.77661722185229,1.51694024491616,0.556679422674647,0.390751748254025,0.496031763547384,-0.125233640497434,-2.2708282981882,-0.987030348863882,0.0497965797439262,1.65522842004021,1.17278932560236,0.289567386217191,0.581445013254862,0.561258904826285,-0.377826957835367,0.0959503279471415,-0.437451006368942,0.685498197077045,-0.520405473343247,1.95992114709058,-1.82361358471709,0.0173590921916605,-0.0726319238472643,-0.0209084628847849,-0.705925541272854,0.0968419590488061,0.0965712104482962,-0.25699545827873693,0
87598.0,-0.947817666464772,1.61716945330751,-0.850913425350736,-0.759228352476279,0.509020255445114,-0.589959385261582,0.660875585131098,0.0959570447390674,0.296556345743447,0.194137073715578,1.00687168188847,0.305622808435281,-0.773429769321092,-0.809735286707056,-0.827768842845756,0.481221801176803,0.226196000776441,0.279654812377908,-0.0030814299543353,-0.0057751470206184,-0.239802383114741,-0.771837548623287,0.133075740909617,0.635012126069566,-0.511246218418738,0.0019183071436169,-0.643404605403958,-0.172905820163147,-0.3013342341695089,0
114530.0,1.916191100863,-0.550012334052139,-0.067780762866123,0.521422730639393,-1.0970146316911,-0.773237553095605,-0.657568489240512,-0.0659941769227367,1.27647257918543,-0.0174290201888292,-0.584620072327946,0.439621309399393,-0.0402617902462483,-0.217516336219844,0.38783678192684,0.139949615450714,-0.253605044670689,-0.182320080488135,-0.494342987852318,-0.172536102640611,0.256279344803818,0.928027310218852,0.174546144240324,0.472625569017201,-0.337794967418524,0.717313282913522,-0.0286957718183085,-0.0426245780645521,-0.2334867114583818,0
122186.0,-1.78321345115785,-0.992050881551973,0.822350388644872,-3.15488228121268,-0.19248243034762,1.16616776530977,-0.956732899261031,0.967377447565213,-2.11059522626641,0.534278206447509,0.23370128341652,-0.890533421879467,-0.755880382332913,0.0416465084219119,-0.396688701839008,-0.55567691748289,0.796920461858445,-0.387065344856937,-1.32541904546492,-0.508181435115088,-0.0789372636172968,0.0993550588814883,-0.518326014670859,-1.65735216909829,0.418435480544724,-0.0160123810625513,0.21579864435557,-0.191878876255889,-0.037380583645725066,0
60433.0,-0.815491038136283,0.0516648888312992,1.45610053900014,-0.463603853323008,-0.691317701035548,-0.237256249024198,1.19904753907236,-0.119632276751145,-1.77854634636171,-0.0747341285995361,-0.326894028470245,-0.0060978584025267,0.642825539409726,-0.0006175663199715,0.219772844370468,-1.52274864644611,-0.171172375370232,0.816582113419623,-2.45074969068405,-0.177503317763986,-0.0228623136289126,0.0880781436695264,0.323274167894817,0.337004274859772,0.0202318704892993,-0.480621645300288,0.0820740112682734,0.144932699746716,0.44638784582076757,0
163266.0,2.06276530304157,0.58330414362746,-3.17601591126736,0.621660355084958,1.19777188324354,-1.37546167258641,0.659779611908641,-0.288559316795845,-0.0950160170580204,-0.849325313287354,1.61375382132371,-0.122290683757033,-1.26181573170723,-2.03144285611512,-0.599832778688648,0.556197478758453,1.99626619205017,1.14758501195537,-0.0226882342722742,-0.177658543360357,-0.0262815875988066,0.0486723535472962,-0.0383347219882633,0.568659969869013,0.333794367927607,0.661935968516722,-0.0915457141059499,-0.0246032727332493,-0.3501908474594307,0
111657.0,-0.807289716163703,1.22277055012387,-1.04943629439181,-1.34268152487987,1.2666471972132,-1.29840137642006,1.85463123261489,-0.555134916909449,0.110804536724253,0.832825692459639,0.659473404614593,0.353463192368135,-0.415535272514987,0.493036763967361,-0.748419973394974,-0.495885455745667,-0.900359848575694,0.150358658028669,0.194277331708598,0.353554129182178,0.112431883324495,0.92693483189564,-0.284759046489188,-0.291100779392959,-0.155559655983147,0.0755132162476341,0.527537956425723,0.317527815069104,-0.19330594520930533,0
48502.0,0.86572635481879,-0.924601267205862,0.844475763026803,0.191322591374275,-1.11467870631296,0.191512371824854,-0.51054520757109,0.154755266536271,0.889545505177048,-0.372735281402743,0.677036697132584,1.37122350054971,0.370249835866262,-0.418400590120848,-1.0016115623036,0.176457380823018,-0.243913415459078,-0.0496492333961281,0.82367742507134,0.312799871975403,-0.0970947810540733,-0.417409328062111,-0.127300937654297,0.091208180304309,0.101553122387757,0.926614774721765,-0.0672413075057635,0.0309933665946357,0.35619102128552727,0
49186.0,1.19631078103253,0.584775849264265,-0.275269722763744,1.26689255108906,0.170621429864777,-0.73939155850917,0.18596856084374,-0.077932451070233,-0.0109586947172385,-0.595464204785016,0.179054122389806,-0.230457992394494,-0.541346931183161,-0.926562020505554,1.36466989694863,0.234628177662747,0.97962295383403,0.077192945927719,-0.938048922451588,-0.168784607792154,-0.0299873262228332,-0.0044565169869083,-0.0838007459075778,-0.0479351887532422,0.60196370972952,-0.296224156384771,0.0451702312096169,0.0467894327164597,-0.3492313067728856,0
136460.0,-0.202643242652285,0.169349525044365,0.787248421290615,0.542026459365677,0.121508764558802,0.734717384262974,0.825230266274209,0.269927726685464,0.160433988008469,-0.62844936663912,0.277038622320176,1.12477063951055,-0.212846341203701,-0.218250730924736,-2.24952329009802,-0.22358416255983,-0.381047628330574,-0.281730804555997,0.215560195404391,0.0954472047398771,-0.320272791614987,-1.0089644528352,0.543811981341815,0.59877474534939,-0.485116497066666,-1.22259545442681,0.044896352478983,0.0335272082519707,0.21233988002763968,0
167830.0,2.04756709267313,-0.0483520385527772,-1.11695287453941,1.78137543469805,0.218143843203219,-0.134808019543238,-0.141875064997605,-0.0827384978546449,-0.393227375498107,1.18884270510706,-1.51888085632229,-0.883052619348587,-0.664035777344454,0.151953277198214,-0.504955289479262,0.996580141741694,-0.562194657515399,-0.49384203129676,-0.799769626369294,-0.17810259303474,0.166731674063662,0.483079461802817,0.0996755813036205,0.58967845632386,-0.237943245439878,2.4711976051229,-0.216340425724291,-0.0837520274403373,-0.30261362175156903,0
76622.0,-1.33923461089767,1.49725855869744,0.363946055266903,-0.287818137800445,-0.4100411609053,-0.259801761672126,-0.224023873586854,1.0732488530981,-0.537321264302715,-0.244460448186373,0.0563781727145502,-0.0247407343330454,-1.14057666343724,1.12317470658394,0.297612679011516,0.926820807734783,-0.5390856826265,0.64066275839853,0.582764377175615,-0.0336912706908848,-0.189858926589858,-0.795096331373189,-0.0061036818357825,-0.557732747440343,-0.0617968863289798,0.118329898426451,0.111067560099801,0.0244338719366531,-0.3128087415461108,0
108111.0,1.85077217445902,0.532137745231143,0.435266463635365,4.01693405643538,-0.0759696694071798,0.249329133457523,-0.406402577312259,-0.030297637390787,0.688838877160597,0.963283121395769,-0.055585254931402,-2.11888943901017,2.66652836975921,1.14152638970986,-1.20269070913128,1.18103846101392,-0.225747466364897,-0.288630436765537,-1.86884098729952,-0.257583103521166,-0.329170088069927,-0.653715735910919,0.440136241505094,-0.140787437455335,-0.577206162978406,-0.420252560878961,-0.0089646051009328,-0.0285420649866424,-0.30473260743435615,0
118085.0,2.21347412436592,-0.768337589091689,-1.63078755192187,-0.926198674590285,-0.271692094564896,-0.875562766729175,-0.287165038093304,-0.250800034971765,-0.347977649919352,0.812650459282068,-0.976871102168355,-1.08599320683968,-0.991084314936129,0.198971189846053,-0.128089961186077,0.637761694649914,0.457931409497633,-1.74317385911994,0.817240561442576,-0.0759524740393971,0.0421286899134296,0.0615828370099909,0.193938512272192,0.589380679574075,0.0203515372613438,-0.259521327447091,-0.0543641212520177,-0.0603943327819835,-0.26131339136819,0
122882.0,2.1128313994807,-0.744802240165563,-2.45645286983369,-0.884139812963617,0.987178897838209,0.986142460942322,-0.193673512117989,0.194327924456998,-0.92711927255798,1.02694486258372,0.441480688263301,-0.0125280649199298,-1.02534718035456,0.887320202086053,-0.194110957653616,-2.54076280251653,0.551888275220729,0.0950654951283504,-1.09860397472868,-0.742181411045767,-0.196900160723259,0.0773048876459722,0.088415360267684,-0.930719071963923,0.0666989368477433,0.914039650692777,-0.0643916490322536,-0.104511872609596,-0.3232437465122889,0
122368.0,2.06590228793754,-0.687863642823304,-1.69625877135916,-0.690205750606092,0.123715826518254,-0.226604597317953,-0.11415791027891,-0.189767348343232,1.60803808371851,-0.511516270222923,-1.83204481903119,0.530585552046304,0.314496071398443,-0.294418038561805,-0.822460136145272,-0.799423771455819,-0.0332124843040164,-0.244180430147652,0.967032581218795,-0.0635747085696345,0.207278724874407,0.960745663525066,-0.205543357142406,0.193275728628235,0.45421369159376,1.06980787522164,-0.0786379993631867,-0.0718749979078165,-0.17331551423961555,0
124367.0,1.96772056927617,0.0157840638307812,-1.17570270220768,1.26721704582434,0.353023975258883,-0.0937500317017891,0.0732993404649879,-0.0698224214446337,0.312340491828501,0.328091168963589,0.59502426006831,1.37652255683754,0.354527358587734,0.197461189624618,-1.48095623787415,-0.406091421280902,-0.466602102948872,0.152583280314215,0.0645332580878283,-0.21476380165686,0.225417434170868,0.928694012012893,-0.0294924920624225,0.808718153173788,0.445570344821229,-0.431696004475838,0.0103839251149679,-0.0559585002686239,-0.32924087580319583,0
77358.0,0.355841019707126,-1.00824320701279,-0.337747108486416,1.47432263421715,-0.382191342087034,-0.526281497553617,0.98321545378547,-0.344973601863248,-0.284738016917911,-0.208190954609373,-0.616005237382144,0.467192222734053,0.728787483330897,0.420035738242946,0.85944823422598,0.334723461018486,-0.610268732612692,-0.517141032035963,-0.11154647544326,0.866967444010125,-0.213407808362259,-1.7104888309864,-0.257796594492826,-0.161746502867206,0.16269142474575,-0.857591476036445,-0.0750969775508834,0.107787674874075,1.5538577215415814,0
105488.0,2.01725060620939,-0.536541932971626,-1.10717756416519,-1.52665229859524,-0.344320998864281,-0.927326225208707,-0.32595166902185,-0.12613405746134,2.85881743135863,-1.05735595772995,2.11463029190045,-1.80994085395694,0.224951264185674,2.3411111480495,0.286346382398597,-0.120341241762741,0.189228284312766,0.426856785872389,0.935325247374771,-0.240388195009016,-0.524116000106873,-1.37375446668024,0.513814513592034,0.609007713868026,-0.58511333193179,-0.877540813698592,-0.0509989365855344,-0.0500488916169234,-0.232247304738261,0
49541.0,-0.371698944216238,1.01215353209682,1.11103655095823,-0.428216547483931,0.610165238407078,0.108687482870459,0.617798905182904,0.120589372062647,-0.667808148588581,-0.159021465517131,0.36046235476664,0.580020214297207,0.763616786873072,0.146677628513167,0.165543931989129,0.706227105997413,-1.10303406810388,0.448141227077836,0.739057430951525,0.183646843184352,-0.246334837831517,-0.646758613298698,-0.187448709618976,-0.839769823597899,-0.0480018865261614,0.124082184447448,0.264185800458247,0.100243534547971,-0.34411375644464504,0
129482.0,-0.390561543472532,1.00201046501974,0.611093048789233,1.80944770793444,1.09514575790689,0.0007799472368728,0.93666697347345,-0.0537170368649729,-1.35267868410766,0.279059752928085,0.376218649359782,-0.127059344863381,-0.926022621325515,0.952034629797868,0.294011377218783,-1.53031308019584,0.58764628766991,0.569353764191543,3.07386015719395,0.259485699456991,0.106259166537547,0.402702726824449,-0.569646602750202,-0.443346608164984,0.891936988695588,0.0928098958974928,0.0771949804143618,0.0547057917135656,-0.30129425330756954,0
97408.0,1.94275927817742,-0.527820312021295,0.1464043933462,0.392393316356147,-0.876607108241016,0.0253768746624748,-1.11607843236137,0.13945178423308,2.51686409271475,-0.205218750552523,1.38806790987914,-1.87568158565371,1.2440093509876,1.40011480298803,-0.586104770323857,0.948705849101682,-0.235538166407245,0.966348492483704,-0.10335230006602,-0.222202624358835,-0.0884425799674176,0.07431169199932,0.280845570694607,-0.384845693029041,-0.630751618672969,0.444343530693384,-0.048010106516948,-0.0575953922272767,-0.28945991817351313,0
167502.0,1.9517048823954,-0.543752325815185,0.424595123782148,0.462751083540755,-1.20108695595974,-0.223616435919548,-1.10067776740244,0.0880253305096578,1.45448383578509,-0.0399270453465777,-0.764344738324596,0.742848253489819,1.00961171672352,-0.620497791441429,0.87993993725946,0.711332501206472,-0.720463781776787,0.176933261311386,-0.588609975223864,-0.141954245623941,0.224104850104454,0.89090771962666,0.245593744255423,0.0511497453402156,-0.533422762934304,0.512983469169472,0.0214460864288916,-0.0323150053251486,-0.33327894285907317,0
79909.0,-2.01554523557777,-1.67268331443805,2.33262813028353,3.13592693263713,1.38843760390929,-0.972351145679112,-1.92543269624867,0.496609946793637,0.0273248352528977,1.00924751267017,0.484372129518127,-0.34925427515468,-2.17879380298453,0.15408806941337,-0.499786814887434,0.577293787422878,-0.243367940274044,0.676939382180287,0.222958949814389,-0.563939399124441,-0.0515266266845998,0.0533605795136284,-0.264855987810757,0.549354357158966,-0.755134474429024,-0.0553016415008494,0.317204421691374,-0.0937615783250133,-0.20422072051875595,0
47146.0,1.28699159131999,-0.953024145058903,-0.0516322922338854,-0.719819301165003,-0.696782543099384,0.252109051857538,-0.766894481903816,0.254123199029441,-0.346093019124548,0.691591164140851,0.255299760028712,-1.18389641507065,-2.53898908263063,0.293742521792955,-0.67811741873233,0.700388638712548,0.64527192995091,-1.15953158359963,1.13164738039029,-0.0391787907108405,0.0813586600487047,0.128582840070867,-0.176231017210519,-0.680820675166694,0.574296826158922,-0.0869152291993319,-0.0067579867469199,-0.0105220917427724,-0.15256544689307758,0
88628.0,1.72075145737929,-0.726168760449028,-0.808672485187091,0.279894442100136,0.227486061577745,1.42368803766507,-0.62240282065174,0.436983392563914,1.08078125777384,-0.210652704389849,1.04691914497149,1.74184003992442,0.587747806968629,-0.0422442439797637,-0.0938821808029631,-1.00923188978507,0.230935785971554,-0.923577203586086,-0.772597060616421,-0.157154218095811,0.354501108547081,1.33998340468094,0.0064614869505726,-1.3467198077552,-0.088529107351725,-0.019991197919877,0.0706801015215436,-0.0593327964088733,-0.08036001023055808,0
40764.0,-0.714658704669946,0.591493726607056,1.36497789102587,-0.994325915658416,0.0037367260411768,-1.06232265389359,1.11015252915343,-0.0488084257900959,-0.768504587755953,-0.669501746729471,1.27848147673989,0.0529760728992373,-1.44742117545396,0.752571204148468,-0.333325130626625,0.449133200015138,-0.53339688023405,-0.301808378532826,0.0163300206591818,-0.0148233528832524,-0.268457786545286,-1.12304673840987,0.178867906995426,0.491406348040259,-0.351154221125666,0.452006375661931,-0.066313999730821,0.0837665674892469,-0.09747181914061254,0
5853.0,-1.85729905542629,-5.11901496459898,0.644752806843366,3.46451185466101,-2.53825628220118,2.62407864706358,0.217347821039083,0.419474438938758,2.22021491782978,-0.838589496272282,1.46254688893739,-1.4085084472096,1.14366755320743,0.783933917791717,-2.51429058563592,-0.0384503563185589,1.32053685376884,-0.0744116216189961,-1.34998698136954,2.70632409963025,0.860103651391063,-0.10824206649401,-1.28982309997599,-0.167830746106771,-0.484986939854818,1.03151850894616,-0.253324439625489,0.254613606935559,5.491332928779437,0
38220.0,1.20139953975426,0.120304109257631,0.296743683403845,1.25706820359727,-0.231953885171642,-0.17310631481559,-0.0675771438146786,0.0948268989912242,0.267513520625587,0.132790464078896,0.411672128568355,0.289567017743986,-1.52164988742641,0.487661697353494,-0.871660725269601,-0.0747066029505077,-0.306090122085937,0.241198936312535,0.415579848319011,-0.240360157512159,-0.119686078709081,-0.228027148336847,-0.121386032264384,-0.0141973982445944,0.705700036848921,-0.334197229321866,0.0115095085041125,0.0016913061196188,-0.3492313067728856,0
131721.0,2.15652008880954,-1.66146752474616,-1.10565036944458,-1.986681755445,-0.399537405130442,1.65900867335665,-1.66369920333495,0.501567032962675,-1.22350310311818,1.59013786693994,0.624091462933909,-0.250121680858551,0.180797382136999,-0.264187860706678,0.117337447035723,-0.875531028208135,0.760284802540735,-0.544296102318022,-0.725967379888621,-0.477430081160907,-0.0628349123089934,0.363448652981273,0.281390260774507,-0.973357584474988,-0.428651733807092,-0.0942878633509579,0.0640321132649642,-0.0650042788670861,-0.2716684346104893,0
152298.0,2.09689126448886,-1.18857398575192,-1.08002593349519,-1.19843991528201,-0.401766206007856,0.525172105523998,-1.04929724808104,0.103532929049994,-0.154660607588756,0.862280468512786,-0.0106132450131529,0.116510687373536,0.916287707273712,-0.469000264137381,-0.462111168464438,1.66669442209537,-0.560448213465771,-0.328534045750983,1.12859680706299,0.195180796719892,0.338792233572249,0.898077263197329,-0.0307124369139707,-0.295095689738958,-0.0194007195754807,-0.0826345513062162,-0.006633511373073,-0.0507965935064063,-0.07736144558510462,0
54985.0,-1.20326456286861,-0.32232841064282,3.10719283459486,-0.782298621481,-0.103785370264935,1.80512478111365,-0.788609676534261,0.953682214810144,1.17175945688892,-1.51044461341903,-0.223244938817492,0.559085019429219,-0.936773751766972,-0.907900509993232,-0.434607343785317,-1.4903792450223,1.49276666312017,-2.33423516512008,-1.61986357836885,-0.196590041648498,0.111080655934782,0.697754146165507,-0.109654114753818,-0.536721809156542,-0.126120416886659,1.16654403845291,0.0727105776211658,0.0505327176517493,-0.33463829216501206,0
140239.0,-1.54639290840283,1.30842533207298,-0.500472912191232,-2.817806098304,0.591526567586885,-0.630087930313472,0.60949976698157,0.631075113153063,0.0793710019991488,-0.854437981323018,-0.376108511391184,0.28629408262808,-0.714158502161572,0.773631300678584,-1.00720117790562,0.877247319942268,-1.10432089813806,0.0175832861881621,-0.21430999602436,-0.174897011004287,-0.29374077312207,-0.878374708607648,-0.106241945165186,-1.17631376327085,0.0617620047270953,0.398493353443718,-0.207676853569106,-0.158700957182348,-0.33723704819107175,0
47729.0,1.02598266617376,0.203920309692609,0.861493993614496,2.6843743445017,-0.284587084298837,0.276550353055758,-0.112594952842763,0.167680857015394,-0.175302831324639,0.480984517593696,-0.789288277374598,-0.129816549224954,-0.860141125624802,0.0784055655809434,-0.293490397304836,0.0245531298437256,0.0832420842630346,-1.02795912862465,-0.949677218027359,-0.162357143391365,-0.244677979538364,-0.696136584900895,0.0864761700205133,0.0366058987865348,0.261503622738349,-0.15262853658933,0.0123182274049488,0.0292373327326202,-0.16000188721380218,0
169670.0,1.97821893152464,-0.0950002733222442,-0.830593399465801,0.629354267479303,-0.399509352655638,-0.795631176166288,-0.434099637596782,-0.133574473807381,1.23679522820858,-0.651061126881376,-0.586467432647474,0.493895719973666,0.759940968661223,-1.49409641628615,0.73386829884998,0.530569195764168,0.297140015844728,0.80555216772324,-0.46145043907712,-0.12768320400203,0.213263224162267,0.89243206930007,0.0227150967548419,-0.162242209551635,0.0091774045653574,-0.134599445765461,0.0550184285155874,-0.0106375465072825,-0.2993351910725399,0
134464.0,2.09911728792783,0.0366888939287495,-2.50352269724052,0.355032065382368,0.769290799851706,-1.27791860828543,0.802261412432931,-0.394777345070566,-0.129617399763292,0.483486608521349,0.358875004256487,-0.213418223086241,-2.0094478591437,1.38201091155965,-0.705632688137584,-0.492754106161346,-0.3150345972802,0.0418162855807885,0.352241071897558,-0.34294898136926,0.286989623459444,0.897697265340828,-0.213414451647703,-0.340552774867178,0.618974391539726,0.734095321744415,-0.137562122653263,-0.109600334060445,-0.313248531027444,0
52288.0,1.10633964290395,0.188720024968358,1.40855677399371,2.518961126903,-0.592347243874247,0.660458503739672,-0.678003579825061,0.34185330121594,-0.103738697465492,0.667431797593117,0.424624652957908,0.665957841043425,-0.139854068725472,-0.20756780235205,-0.962899258758331,0.920078695095812,-0.776623668394116,0.420589577958623,-0.427812378073624,-0.1518490526415,-0.0582232620778447,-0.054759864991585,-0.0051621074833156,0.0006083375770439,0.306422919952223,-0.0402060936781711,0.0377019502216547,0.0219056187694357,-0.35322939296682354,0
71584.0,-0.838870193072447,0.761287938004037,1.23550616051816,-1.47407403169261,0.771947185854535,-0.218882780296851,0.742753621879668,0.163594489743653,-0.25522898223506,-0.723604301536475,-0.223643290328813,-0.562114252321616,-1.63107751567691,0.493782883047908,-0.612457145663032,1.45173829345694,-1.62544991517025,0.52767851837256,-0.920996417721884,-0.314147787059949,-0.201323433698784,-0.904753780762426,-0.226174157141942,-0.91807610969551,0.0068754473339733,-0.173804862566575,-0.151345674465627,0.0850235917328017,-0.34967109625421877,0
149760.0,-1.10830679580902,1.67697915268387,-0.564840500031817,-0.955476006067333,0.533045383395372,-0.565562265310054,0.618204080531226,0.426182814605609,-0.163681808701171,-0.335769965224562,-1.9511923339457,0.345222371068918,0.962508911361803,0.272490526524852,-0.438939933091738,0.239407698352942,-0.583384753888442,-0.434772766424347,0.368622938077198,0.0311045540624401,-0.269721651700321,-0.632552584848502,-0.0419680564788794,-0.990802007098551,-0.381438466511376,0.16300614339075,-0.0860654102253294,-0.0669525019548161,-0.34723226367591664,0
38911.0,1.35093597730491,-0.623151922837376,-0.864045093628862,-0.363467291432317,1.48725417044357,3.85996552580129,-1.08788694984697,0.921113683832095,-0.637742078122295,0.746699112661388,-0.869437492962107,-0.0166835121795644,0.096890062275923,-0.157671145787771,-0.394481236586405,-1.55349085528208,-0.248325805082627,1.3967069277917,-0.42626702466927,-0.439423246052802,-0.495160600386638,-0.867331487074995,-0.0568938577282258,0.97543989412218,0.74945828097323,-0.281773204283824,0.0677129785080646,0.021591608787775,-0.313248531027444,0
129201.0,2.02544145388993,-0.729478113086105,-0.887224938704202,-0.173401200766056,-1.12623863754413,-1.78372295302795,-0.171299016964809,-0.48073491623648,-0.683090011731779,0.948651942060715,-0.10009231576442,0.210300726737921,0.331837075045831,0.285407217949085,0.438092233003573,-1.69062989467618,0.0877470587976144,0.802275739714039,-1.36954746706261,-0.522526492280122,-0.0453141979170168,0.345255522018485,0.191661479412524,0.970381327921272,-0.203392909792799,0.731941549776047,-0.0688893659142155,-0.0457177158923915,-0.11774211614387797,0
166212.0,-2.05685897125879,1.9702539382569,-0.938061721245787,-2.78395883973937,0.197199054843326,-0.621612850400379,0.119081518082972,1.28187139303565,-0.450983754388462,-1.15549556292516,0.257788845063498,1.68837893524841,1.10653117428621,0.92668837575341,-1.277841229844,0.824768835241424,-0.729668802739198,-0.321035980869671,-0.50312111397981,-0.0562784205083086,-0.178908556293544,-0.737228714827404,0.0147783506768649,0.247037305193888,0.15294965086051,0.363462066370834,0.0630727084092273,0.0910346027442962,-0.3492313067728856,0
144928.0,-0.770383773708979,-0.747292301657025,1.36986266298856,-3.08452459983419,-0.0777007225998848,-0.324309582379991,-0.336511916387798,0.177338133025271,-2.38231559766564,0.627554596914222,0.328071247418127,-1.21060332444367,-1.10999471780154,-0.0771735217150594,-1.27787818551694,-0.257280419589369,0.183577918785641,0.536217563912261,-0.444235327398973,-0.317548061921095,-0.102348110226523,-0.159261778506355,-0.283927019034219,0.646973740916951,0.653506171511881,-0.167224382964853,-0.0102391287878474,0.0441771580680947,-0.2932581000577542,0
171110.0,-1.9186315841781,0.42179572426864,1.45770955940366,0.539083905644028,1.09303225042076,0.891838344088425,0.221168225067738,0.244224566534994,-0.228190317262969,0.439548324865671,0.387540333028949,0.615586437867547,0.996364380936436,-0.282424462974291,0.652043193332716,0.371257450120851,-1.00824600595665,0.840030774975842,1.15465066148536,-0.0050466519692504,-0.280686185912444,-0.207491188875958,0.314942655704612,-0.162240079016237,0.550036166252525,-0.665837841934833,-0.45121883144923,-0.238105734580381,-0.33323896199713376,0
60666.0,-0.199319814348557,-0.267368926555956,1.30435576878665,-1.5485129066728,-0.631347130463234,-0.52753804018188,-0.252446999432207,-0.977240326502714,-1.21919379093561,-0.0412919976176331,-0.601563920343032,-0.449524730532961,0.742983191319338,-0.259963113536168,0.393332173891121,1.6164253755312,-0.153403421465556,-1.52325839400229,0.0657930141651721,0.223883727669664,0.669049950046551,-1.03955128625431,-0.492728404488445,-0.122680602444498,1.29335356324274,-0.423749648438718,0.0400469520781205,0.161921983228396,0.18667216666255793,0
35731.0,-1.06532197699114,2.22611314843856,1.03187310575743,2.76511557438869,0.44747609795686,0.555778799453864,-0.605830814122622,-2.3843279856146,-2.05626492853407,-0.0778442410052777,1.14770035322296,-0.296126381225862,-0.925109629705388,-0.379074709734647,0.719740414152316,0.83515155105767,0.958894503563883,1.24683541987159,0.94509462234863,0.93447580365276,-1.46678426187677,-0.198681726282055,-0.160173507816705,-0.168171432659375,0.0407144736996909,0.127506373775899,0.294971802871831,0.205158812747476,-0.3492313067728856,0
28479.0,1.14745904549024,0.236056919783868,0.854859902381997,2.21104164907465,-0.043784918180836,0.750055999819869,-0.426174066884898,0.123484809390819,-0.300539425499093,0.587309830940713,-1.67026320307419,0.0100487765153549,1.52975059369758,-0.391021412619135,0.96825609385727,1.55561530677238,-1.43904637207335,0.564292126523156,-0.792322591101791,0.0798956016470788,0.050009996724783,0.0772097152967521,-0.19848018148471,-0.989614723114356,0.435389484126634,0.0796881193496509,0.0307422008788476,0.0357964348409828,-0.14948692052374535,0
78647.0,-0.216709292448117,0.420019145812693,0.833508787187061,-1.46826643134752,0.820694326913764,0.232410051994987,0.763858695542274,-0.0309007779097476,-0.0369712240734502,-0.333329535730156,-0.572544313648884,-0.940471833680559,-1.48471280619509,0.298244404318117,0.0175893758201377,1.11406768161911,-1.45758513242994,0.870892334267662,0.437742080480188,-0.0434104612310003,-0.0964469044602665,-0.274216533066394,-0.285408877458028,-1.38537658567521,-0.386274303890474,0.800836097464582,-0.145667249287482,-0.118452905179202,-0.27326766908806444,0
130978.0,-0.0622794449870876,0.31504210198505,1.17164227686516,-0.453733083689926,-0.402492809066162,-0.536046351690668,0.0847083486713357,0.0475695191078884,0.808074065898928,-0.526087160843508,-1.36806424470013,-0.580777408243328,-1.09713117217998,-0.188515380797741,0.0349909215871212,0.378263860742233,-0.535212857961998,0.256124918514923,-0.455124185338278,-0.254665432245892,0.238083484195806,0.745493123699865,-0.083231532225099,0.0685085711278079,-0.586180359682055,0.482686131862466,-0.0825831144075533,0.0448412285113245,-0.3072514017365371,0
45149.0,-3.00959464451895,-2.46014329197146,2.02083608391016,0.0754904341846861,3.08197379046675,-2.09551614973046,-1.3907715925592,0.466386749203462,-0.510089585468116,-0.453004462641366,1.29738073815959,0.616272264887393,-0.536029501339103,0.568746236098905,0.208679118173564,0.298028344370797,-0.50508779679691,-0.0714788083206988,-0.706341888881005,0.734601023417096,0.288922820439847,-0.255499263306682,0.404240474104632,0.0008328798851599,0.36206742827315,0.296672332252453,-0.134030654489257,0.104947681303959,-0.225290634760809,0
83708.0,1.01176563959255,-0.0037788463222588,0.797910867977443,1.25243806190861,-0.46712022433915,-0.0924183773945884,-0.156366536622554,-0.0063445103395172,0.0965452871539521,-0.0790553586395819,-0.0332687097321772,0.83839909713284,1.20491473336316,-0.0589404773943075,1.36079812122881,0.122771930796421,-0.395923521458396,-0.373215316221097,-1.01444758713374,0.0654449121128702,0.202148448210404,0.545245138640404,-0.115573784626056,0.119033107969488,0.436140047795299,-0.28308843292958,0.053230348118281,0.0446689575638035,-0.027785176780273948,0
79914.0,-1.63120078758136,1.0307573353576,-0.280810087158233,-1.05973979231036,1.57802142892331,3.83722418809457,-0.692753957615084,1.56182636550599,0.614751841498138,0.292512394032936,-0.793807447367465,0.0766961956420104,-0.0660260092216063,-0.196060203439309,0.0511696857483432,0.254802997125385,-0.46208392100221,0.439610881519283,0.368944762250077,0.465849070833983,0.0018133429605052,0.264864367350236,-0.200657101016386,1.05776868357289,0.223587700157701,0.486301900580604,0.554988119463553,0.354008693105111,-0.2333267880106243,0
163156.0,1.81210031310057,0.423515856836065,-1.31402541383937,3.18597528162524,1.69497479040327,2.08429303640968,-0.0167851505826502,0.440413198384877,-1.44433166726131,1.55694797428295,0.679295764285411,0.560157777570027,0.5597958830125,0.540468192673097,-0.213361767130947,0.437083168098044,-0.64954363932728,-0.870713084985591,-2.25586918862966,-0.261231267663779,0.323788142150957,0.972259996371939,0.0658804772961992,-0.942235952321634,0.0045974419352482,0.210594502003396,-0.0053000007573194,-0.0693573864817022,-0.28006441561775897,0
144555.0,-0.855534728177721,0.185307963097933,1.3627877237549,-2.62562436910278,0.0682369580314624,-0.283434884898106,0.450407478412616,0.190612578972549,-1.5103034856376,-0.0270985624091653,0.944582082387485,-0.723939114058051,-0.967732622429111,0.147886670735683,-0.538688323067354,1.64121231170339,-0.322053108394067,-1.17100699543913,0.316551645644871,0.264012018915468,-0.217126268612838,-0.979848607594042,0.0037089810088404,0.599946467734357,0.321292377764385,-0.688672297150881,0.20777218993583,0.111577537589552,-0.1638000690980432,0
152350.0,1.86170797900112,-0.0247206680290232,-1.83839953865839,1.03981076475206,1.22188525496139,0.837154081910412,0.297133921911626,0.183487912162377,-0.0150269525974278,0.293519577019395,1.01182637613947,1.04260645519327,-0.52159794841712,0.832092236231163,-0.400070152308417,-1.30802685087616,0.336936084561339,-1.37868945215992,-0.878295006579487,-0.364870620176817,0.163885937662983,0.741143781180921,0.0191747871464851,-1.4147086537055,0.249093402566002,-0.392093922225316,0.0280453959367444,-0.085206452121737,-0.27642615718127544,0
139028.0,-0.886671422554692,1.2580430462111,1.95096183011932,3.04674950593229,-0.299043157699395,0.765223276099858,-0.283356005890075,0.976110635971498,-1.27480893495803,0.658377358551229,-0.392466791275198,-1.37600639873665,-3.09477490182338,0.802700146465688,-1.03089229708245,1.3395809664821,-0.601726834660328,1.05191111264273,-1.09645171709336,-0.412873532084631,0.305438651437293,0.611325967296661,-0.176967803030272,-0.0809352080317806,-0.271867582647743,0.113084387463863,-0.0048111244640699,0.067645013498864,-0.3232437465122889,0
115656.0,1.71581796214786,-2.16240396844168,0.550586836753401,-0.39792912256361,-2.07022677433157,1.19869465598296,-2.09344869571868,0.573561057751679,1.45323445691793,0.470421984471525,-0.0563617372326207,0.35377481721949,-0.627797735016475,-1.38114063864842,-2.3267945000738,0.898390717166538,0.561428828310093,-0.577346578391604,1.06658055718996,0.234250190065494,0.424295985847991,1.27958593654602,0.0330701800993643,0.772534815119169,-0.348721851560469,-0.0418087000442286,0.0568801723206283,-0.0118563641235381,0.28286612048870513,0
61546.0,1.08863456889571,0.300677879348623,0.972541558828436,2.68846518509691,-0.451861421170713,0.0456872249208607,-0.183585463638853,0.150791269869983,-0.391153450138674,0.700198337068037,0.776782438388169,0.651587499100053,-0.759821810160628,0.126586977362094,-1.55522114734085,0.256724375614139,-0.294034772974701,-0.0280995556657538,-0.402302600308715,-0.194773326426368,-0.0173506943066951,0.0677151889189612,-0.0654802723488168,0.53498418356212,0.548019700890774,0.0489341337049824,0.0006694882255953,0.0120135447244079,-0.3138082630945953,0
126593.0,1.91400979361559,-0.208564209096133,-1.53705960207054,0.402816830734473,0.0014617218104622,-1.43738325154598,0.534549123369393,-0.433328294263794,0.502073272508097,-0.0289146173459298,-0.722964615451263,0.106340561175675,-0.453814679040812,0.731777308597595,0.718172243257663,-0.194797408437993,-0.439160068950979,-0.439842389650081,0.0104299703720843,-0.103511455811949,-0.0937977989467487,-0.398183683127193,0.1489248047997,-0.0586238130538429,-0.0425609052856785,-0.497798165229144,-0.0485344925877539,-0.0414921512286482,0.002600278293654491,0
33108.0,-0.24669592941033,-3.33131847812353,-1.24476495569842,-0.176656260374384,-1.26264319052215,0.0188763921489531,0.802008188246401,-0.39145765531469,-0.897117877617471,0.257309440043795,-1.72226935524083,-0.609556009497209,0.566030192832939,0.27995093288265,1.09104213496862,-0.716047829837721,-0.498282212070282,1.35053798272122,-0.424136891985068,1.39523316471223,-0.137695118889205,-1.99344665219525,-0.77508411903352,-0.96869047506374,-0.0884543327090022,0.807306830448204,-0.233574485576348,0.15301235223369,3.2817506128376865,0
159186.0,-0.735187704644965,-0.505320998118968,0.463379738192886,-2.6448496454133,-0.418701015829375,0.044231528799391,-0.31841590890203,0.313241509065237,-2.60059672347955,0.316227396097844,-1.66042709327734,-0.439132108482674,2.23244421930591,-0.627928502684971,-0.500988841067329,-0.271024120228769,0.270110111196305,0.157546850122136,0.095596041449531,-0.0060852036318608,-0.13469963187935,-0.311483883999063,-0.156318309186896,0.0452797837177261,0.891272522905132,-0.0523140871904315,-0.189958550156078,-0.167651181176036,0.00639846017789556,0
137790.0,-0.129498022284277,-0.0299379305036085,1.2954626131658,0.35258587158456,-0.423365651267003,-0.0345989724905188,0.691571006167482,-0.298901106779901,-1.17233201625946,0.650230514611638,-1.16584241283241,-0.427677816337326,0.417831277384359,-0.296573653025204,0.400723753862578,-1.95599586502728,-0.0590871136954742,1.51890586314493,-0.337816437150849,-0.117954886398455,-0.184322103884944,0.0723828170873723,0.186205500113893,-0.0802272456253874,-0.596539051588786,-0.593816158963538,0.0718546871098977,-0.006941209794603,0.1185447779178552,0
148554.0,1.73746518748839,-0.0393796917913247,0.258948428308782,3.56008493031804,-0.107567878394578,1.35656656107816,-0.855800742917207,0.46283740907476,-0.37455234146415,1.50330128314528,-0.0538065276483214,0.201652214259697,-0.0281662952929847,-0.123532835837056,-0.770894604833055,1.90343328525908,-1.50754799740592,0.8046404830562,-1.36788804713775,-0.116654740875422,0.0974077164890678,0.124814450666818,0.259463726906856,0.215629408271412,-0.507215402547987,-0.20388665416166,0.0112252908957341,-0.0185988988367049,-0.11126521650969848,0
58304.0,0.709663468623933,-0.98705625181562,1.34532574216917,1.44240491049652,-1.21867106047962,1.15873672493718,-1.02264792363977,0.578303410094036,1.1794134590036,-0.10069277928519,0.407864293612241,0.319252097853984,-1.44479755556507,-0.116508557599303,-0.0861785133993627,0.345656126569386,-0.31026137210476,0.71413276680754,-0.430328642246529,0.128070638573107,0.32300241461875,0.731566693496246,-0.272673707225127,-0.294615857319002,0.288994804741671,-0.155809697375601,0.0659079861844423,0.0539695208788057,0.3985707349412696,0
160293.0,-1.56618039427748,-0.0102482196354442,-0.0936546710375575,-1.69177432764151,-0.62057276750616,2.41474776838608,-0.0402351300112439,1.33408987576461,-1.4961241271367,-0.595617622238029,0.101738338250254,0.80973797087596,0.468615712220408,0.423738124089347,-0.576974612068028,-1.60611312117726,0.555089118484092,0.160787672825589,-1.09371604000407,-0.673549173104721,-0.540486380698586,-1.31885136893254,0.367982233111406,-0.994600508590311,-0.728125518167298,0.219555852903139,-0.146362756507451,-0.104844671741663,0.549258603590791,0
132238.0,-0.999678023192192,2.29140055040234,-1.43469473984277,0.71872479139912,0.556685590448349,-1.41752688916287,1.17488250929853,0.0068481241227313,-0.262479407773262,1.27941117052864,-0.933152593124911,0.167971972403473,0.252483554426947,0.763384969981164,0.230906220967367,-0.857754531254609,-0.0645337589297631,-0.191822073966319,0.369053260355603,0.425934195438376,0.182107214373253,0.937040911270185,-0.0086739952849091,0.0489709298245208,-0.525005909895403,-0.498381377716854,0.823751883095593,0.529973731332818,-0.3245231340943491,0
39421.0,-1.4662640835071,-0.207707926339265,3.06924384937452,0.225907522796879,0.49807761667327,-0.465513648561938,0.304696904916619,-0.446871043438516,1.07524948933825,0.166580976303783,-0.121992554097872,-0.551479312813412,-1.47493841848371,-0.823446173415914,0.443678454137516,-0.173205029127853,-0.490422363163051,-0.44163395029836,-1.49514574295886,-0.340930203523265,-0.0649082134683499,0.433017927480128,-0.245534431343911,0.585007933571006,-0.183114223461803,-0.674126689836011,-0.725486882555355,-0.41484890738141,-0.3492313067728856,0
68803.0,-0.613812156945886,0.670872130193122,1.62197478936956,-0.349880070531811,0.712150393106026,-1.25373342476989,0.887208489781991,-0.34101958147611,-0.370703884637572,-0.716539933546035,-0.197945113486489,0.0346618197099942,0.360425577606742,-0.672065505902507,0.419987208615669,0.528960359917906,-0.383461289276828,-0.255332370213971,-0.755199990317693,0.0593894151235388,-0.205066839962361,-0.571691876227468,-0.0167897748311454,0.340489504837153,-0.376587830332933,-0.127392809383046,-0.100229266781703,-0.0750333314037596,-0.34807186177664357,0
151926.0,2.00772253527307,-0.892883190693958,-1.45336650741997,-0.414690338619842,-0.418382461975024,-0.572989993123987,-0.27563168405631,-0.218926028982248,-0.516811744443286,0.925239932089544,0.219489840410378,0.521826604209516,0.258754922270759,0.405866961977855,-0.28891899896091,-1.45235432938871,-0.591355785364093,2.0203582930041,-0.529393228227372,-0.468115661575542,0.0163143137380475,0.519815213427551,-0.111136842705718,-0.479977017135235,0.221367584057342,-0.0169374779024092,-0.0063838098593817,-0.0551593155499507,-0.019389195773004266,0
167528.0,-1.34155804338806,1.6148463770625,0.25652487031276,0.933377594761706,0.733840637398246,-0.677694767531172,1.20565145182777,-0.0296172576431035,-1.12237392984597,-0.333133333326242,-1.0613519181063,0.309900539628346,0.530938597751144,0.549168791251556,-0.199223803475426,-1.12957197865072,0.364995248598565,-0.417194434703219,0.963780678592144,-0.185652467386699,0.124918225865529,0.370188780351134,-0.444284958499808,-0.0414484598462116,1.16766582342044,-0.213493857892864,-0.47130666988996,0.0209126129101277,-0.2769858892484267,0
72050.0,-2.55182713009073,0.828383483548358,0.0699247287879654,-1.24320866673812,-0.714242237918277,-0.498588058280798,0.277057241550475,0.897110692847008,-0.28581280368471,-0.35649244051776,1.20727547637683,0.97746627982891,-0.196809752639365,0.824637370195966,-0.0844719315821976,0.611991572308589,-0.246092086808006,-0.483635244597026,-0.691220205881712,-0.0610506059241416,-0.10791338970005,-0.400019847282505,-0.136173294402357,0.0766634759717155,-0.339230554540515,0.661186926845824,0.178831825831724,0.093089006123692,0.09735492108998405,0
157966.0,2.03074519293165,-1.82421226674575,-0.842893521766777,-1.3591542575788,-1.64055091794564,-0.816550692012471,-1.0341445802757,-0.228270578295579,-1.03773647555012,1.50661258175424,-1.10245293885893,-0.999853874525731,0.0215815259605607,-0.378167815989221,-0.0100557220788719,-0.504199364188025,0.532745175777142,-0.0375582081079738,-0.271434439059458,-0.211618019875968,-0.0841071148614551,-0.0147917204142604,0.144424327215541,-0.109219880883719,-0.321099113164504,-0.182734933012596,-0.0028958577287816,-0.0261790050932126,0.22409425343781725,0
117995.0,-0.97024984402675,1.11773822165145,0.479786898460773,-2.30774142330822,0.0850537495636436,-1.74768762922086,0.971111505781314,0.161694068592467,-0.132285956534557,-1.45880897610003,-0.563686184904489,0.461098705751012,-0.097250320865717,0.503571664380617,-0.527095141099647,0.192547429309855,-0.40104610546987,-1.05825316957839,-1.05569798499601,-0.226225408864693,-0.203716408070987,-0.647892178936058,-0.0174975684240502,0.410495541303004,-0.135450070962677,0.350631658679828,0.106634799665448,0.105264447106514,-0.3492313067728856,0
66873.0,-0.401391374202735,0.987881213310647,1.13975205391307,-0.176238102803036,0.385155989670201,-0.0161015900318009,0.481741066196893,0.266068718001014,-0.549546192293483,-0.368495024038622,1.318043637939,0.284547102843034,-0.497452115537708,-0.111218474750911,0.531474091534295,0.408545938822575,-0.0506736963076053,0.0839366767997206,-0.0320521783966531,0.0638967760041841,-0.213492602691291,-0.569131174145727,-0.035134607550537,-0.374860146555451,-0.23959518720225,0.106427447658209,0.254710846448027,0.0800261041206264,-0.3460728186796746,0
161532.0,-0.232335007962219,0.827921173064158,-0.337098950583289,-0.534950291789657,1.23544476569602,-0.885440685818354,0.968632719117721,-0.188143184886324,-0.151828923498156,-0.923258958548204,-0.71104684875787,-0.127517046973591,-0.0293565169172933,-0.935087426040898,-0.284449195293395,0.182589009186067,0.41896958732076,-0.258413060714245,-0.202584738902057,-0.137621324775668,-0.178402311712345,-0.497300122349608,0.269855781133743,0.578028057623465,-1.17714633647166,-0.0162509939764842,0.0537796650295429,0.285933255981671,-0.34531318230282637,0
153077.0,-3.36951977369601,3.04253467157677,-0.637998365026649,-1.22871579220357,-1.25376450499795,-0.850424050582144,-0.766317792110551,1.53087090644445,1.26940928626838,0.499437024707693,0.727090390267198,0.564161885963172,-1.0794417683978,-0.621288363087137,-0.181107400114038,0.977003302465716,0.657054095351297,0.99747434514645,-0.239541089854337,0.562959970543367,-0.244737620121645,-0.687046599313469,0.172941857580443,-0.11806259642383,0.0641553310030659,-0.267785888993795,0.445275999631634,0.445460300334123,-0.35015086659749134,0
40706.0,1.19418809416639,0.251663883364838,0.63359024158408,0.642487340583479,-0.401910279776253,-0.696057530496981,0.0303277620950102,-0.120611291395488,-0.0680495257169681,-0.127266266345268,0.395494989944992,0.867726497916012,0.812400419710392,0.172982853691325,1.19690150138404,-0.111838101680772,-0.0587002168690348,-1.1682609620612,-0.604347985305734,-0.098429774741029,-0.201623057403541,-0.522931615790066,0.199314370379098,0.410700995830605,0.120399433784558,0.10209689235281,-0.0084263614311295,0.0201861816935228,-0.34531318230282637,0
73854.0,-0.362810011957822,1.04751239379738,1.16758758103526,-0.12829003692485,0.218538431105551,-0.473124369302727,0.586601722265688,0.111495370889993,-0.587776082778177,-0.334700212089399,1.13864509682265,0.342156546865308,-0.203312096715359,-0.193860577800013,0.250206765307699,0.690272009083442,-0.346738918643648,0.502196469545532,0.325797047327713,0.119477845600153,-0.236652901368375,-0.662388259941927,-0.0620341772352849,-0.0618246932415723,-0.155680279521557,0.0760546729529358,0.239028412892092,0.084186784379062,-0.33527798595604213,0
60980.0,-0.381627271678128,1.03425774060261,1.25348976085105,0.018662243009659,0.152840657187729,-0.534870135255748,0.57674086764457,0.108681239925151,-0.284045304641276,-0.531856786484027,-0.118401467215984,-0.3940091336429,-0.655623020372201,-0.251241079317084,1.22823710703637,0.124879854410561,0.330145371257786,-0.496062218468157,-0.444006051967359,0.0294695842957642,-0.245936064319676,-0.636298115837799,0.0191577535006532,0.0024241930462035,-0.25975615555877,0.10415438727785,0.25788667360573,0.0931211735614499,-0.34807186177664357,0
131618.0,2.06685008332563,-1.64402800883499,-1.50642222433873,-1.64768196389365,-1.01760098500865,-0.757832667404257,-0.686471360934093,-0.312374724596925,-1.83941640920145,1.78569164576585,0.544607829691166,-0.190687436917509,0.814253388829134,-0.0116091872724195,-0.481485140503585,-0.274339919473783,-0.0186985311289761,0.694064631146515,0.0314685677355817,-0.131386674908105,0.193391638010283,0.741036694184892,-0.109874032658625,-0.372496952543921,0.0637504919109512,0.0668868988549194,-0.0364627679449142,-0.0505397946750746,0.22249501896024204,0
60213.0,-0.35280435992178,1.04710145235852,1.22040456542132,-0.23177472782177,0.362276604157396,-0.410989001104299,0.707284977573909,-0.0293260456275103,-0.381864782572716,-0.319240669508298,-1.09985980229241,-0.172243452500462,0.467927721404704,0.0340855337589711,0.877473881958693,0.429366635120602,-0.714596641846241,-0.114482234269345,0.327966705259042,0.142138813216167,-0.279937381591867,-0.725289337153782,-0.129610644345558,-0.466805058671575,-0.0724338382626947,0.122268783969284,0.266179808527543,0.113084439686701,-0.3424745411051305,0
32849.0,-1.02295735724899,1.05071959505904,1.23091754758888,-1.11272480521358,0.0711781561051888,-1.05596520108739,1.19174386875245,-0.101104398996923,-0.690278732769411,-0.190379222136611,1.60568988111793,0.953957297029831,0.204318820244495,0.307480820565811,-0.484407757669243,0.352377659260601,-0.64296718123112,-0.548013266066151,-0.0458601321792783,0.223681990901462,-0.371992399317237,-1.02655542539053,0.0657874795681199,0.53940469389647,-0.196282587219447,0.471977309571867,0.334957128406729,0.207711378457139,-0.13337463316217538,0
40139.0,1.07234945559604,0.18134620729719,0.956241175217331,2.4035957814499,-0.361239216804261,0.380774800369844,-0.41159257488638,0.267401805288756,-0.184886542413332,0.634169644382178,-0.907725430357759,-0.923745559120948,-1.35820635894035,0.378142770624644,1.26489623521327,0.924552664874382,-0.544942347836109,-0.224747261672232,-1.35094709840655,-0.189332224543466,-0.0710960667401955,-0.371590533071812,0.0757415361799024,-0.354980277602514,0.110981105568321,-0.0938021408307784,0.0176862687430509,0.0315526089038004,-0.20370096931354403,0
30118.0,1.31188637398006,-0.662911665723819,0.0392728661326808,-0.795720305186996,-0.822947211813467,-0.668093789140305,-0.453643628146574,-0.0984654027441053,-1.04242114874623,0.822887034555633,1.0441764853593,-0.380948948991114,-0.500639164140704,0.246672275987653,0.0546984881933859,1.31788139947377,-0.0394215649754718,-0.698502780965328,0.92043068378398,0.147343257961663,0.264516474101455,0.525190588390796,-0.20218193344083,0.0231158651484469,0.605073560405602,-0.116506748057137,-0.0235052383119072,0.0040678959872246,-0.11414383856933383,0
147902.0,2.15962832234346,0.380480982593585,-2.75465462132478,1.01194562252889,1.45996668039711,-0.738498031897409,0.992804275488993,-0.45175593853155,-0.163747308469742,0.399884801717059,-1.63364590566874,-0.436119636912666,-0.662661882855112,0.964497186164526,-0.138437300014887,-0.648285352375463,-0.427115187469283,-0.2097568505256,-0.0593837340490666,-0.298541623058786,0.245754473300045,0.86549552069757,-0.266827849217296,0.0068863572242991,0.967717839913748,-0.17725895511892,-0.0597596214519579,-0.0814673251636927,-0.3492313067728856,0
68767.0,-0.76688814366581,0.841319326237083,0.509867693385878,0.840664805248045,0.288616794326872,-0.451134115476875,0.376301706859784,0.34689461399268,-0.693058800554139,-0.448696461794599,-1.51611580252136,-0.506574412855686,-0.263572833137571,0.73578510275752,1.10559909795715,0.0728290255933103,-0.291618592744597,0.509348492414774,0.733063032930952,0.0533453708385738,0.189400551211282,0.270740446989469,-0.125960804996517,-0.454437300003414,-0.12787700566052,-0.28344972033417,0.0371137546036381,0.044671377730415,-0.17323555251573677,0
120221.0,1.68572854076169,-1.78355318352861,-2.07987635314992,-1.18393106879002,-0.945920224549377,-1.53189328481488,0.231473030945467,-0.491784981253543,0.0080193175473334,0.444999889422416,-1.27550120295838,-0.908917235397774,-1.5005649605614,0.773412582991591,0.58580596319214,-1.87491219009495,0.155757270481566,1.07485527141733,-0.341369414742545,-0.120026726088097,-0.15795151720482,-0.559284633511658,-0.100693416934017,-0.104796494330431,-0.161103453907185,0.731928447470615,-0.146424417917793,-0.0279047313581611,0.8424382641922615,0
75054.0,-1.05232612782004,0.307828718575027,0.667715932571167,-1.66415428468983,-0.599726266902481,-0.707855522712063,0.0844904935519099,0.282978756993714,-1.07275903927039,-0.043318441664722,-1.31719571327059,-0.674471170928482,0.195508832898692,-0.239730844410724,-0.749702207013555,1.17652024968136,0.222986497398227,-1.40038042437885,0.409505359918879,0.0437848162591002,0.08997345946584,0.170190757229267,-0.197060026034743,-0.122943525209587,-0.0158134629750569,-0.425404135526943,0.167305630223912,0.0450307352622628,-0.0906350917489786,0
159898.0,-0.619973262712154,0.824440542575189,0.411859455005203,-0.255733027270852,1.46122215476174,0.174185433694977,0.637797984516366,0.206508467470496,-0.760042681906457,-0.83364005981032,0.33245589357686,-0.617591655608546,-1.34079389708285,-0.421856373799906,0.154260349882954,0.219727193088845,0.553231001846917,0.781014886974252,1.66653257898444,0.14209954867329,-0.336415584862438,-1.11089514124101,-0.313632073118278,-0.228637652098235,0.390859530053702,0.507322197988709,-0.0217470974741344,0.066344066869424,-0.34807186177664357,0
59336.0,1.21520943799963,0.0512484754970107,0.170453005428055,1.35875036629648,-0.292576498537533,-0.417037889487142,0.0150064179601089,-0.0104663192014309,0.638304626892735,-0.0256898892841331,-1.55281767607028,-0.810689394194862,-2.07549462113503,0.419547016526004,-0.0832929342065045,-0.1878440441525,-0.0776387959182612,-0.112756184143975,0.187712860467667,-0.2469745221985,-0.177503898585249,-0.436750606184955,-0.140965837494081,-0.162150433827893,0.727731283678766,-0.305546054001814,0.0068581245751888,0.0122124124646834,-0.2656713053195824,0
146294.0,-0.495492882121096,1.32425861659911,-0.881928402522537,-1.21990663441926,0.8369023733401,-1.57378713246723,1.50599400523506,-0.258513809106208,-0.048438320812244,0.354580806106317,0.647378308696877,-0.227674167674802,-1.97979206219924,1.10226599596957,-0.685024584925579,-0.467132464715971,-0.541967106991951,0.243065073706238,0.0685116680268563,0.0814319356154247,0.226081122112482,0.883364184725937,-0.214381464909457,0.0800668588576665,-0.304327415530233,0.0771754950509375,0.591929159224448,0.375707600705646,-0.35015086659749134,0
161814.0,-0.28241672267083,0.566378635482512,0.619552196096681,-0.776413919658269,0.748820367634791,0.0284679668532068,1.02642246280809,-0.0869069795966783,0.0750584272332688,-0.202335980825896,0.463345584211612,0.405883476041065,-0.698866694728393,-0.0442216913956669,-1.57596253686201,-0.385109686260753,-0.453848276609892,0.0578584325546842,0.223660518115382,0.1121914920009,0.12848217480992,0.763600903025452,-0.212985627080429,0.765404468040693,-0.247761718192887,0.502262723432185,0.179090566758372,0.0005265913429362,-0.2393239173015312,0
123311.0,1.73914250562057,-1.20233350961871,-2.6491217511991,-0.166198874306261,-0.169567413206349,-1.75992779166829,0.930051377149313,-0.760729717347099,-1.137778428851,0.928468641410831,-1.05285911064183,-0.382454957344862,-0.280411743150795,0.819052883680745,-0.319637622445792,-2.24434971317835,0.22538802903955,0.688162852176878,-0.754157784500038,-0.121703891217031,0.0543858072140772,0.18369556737138,-0.320718937698585,0.124989821531957,0.392923684766872,0.989671255958582,-0.174378589353493,-0.0460980757073962,0.7502423965600522,0
152071.0,-0.517844913885774,-0.222148371052218,-0.0023718216602837,-0.0321215861718115,-0.486597719619005,-0.319725416659817,2.15234639141325,-0.495271630504038,-0.0176136792600118,-1.15067241101431,-0.611719174160308,-0.350715485338237,0.243129577380956,-1.45892306541406,0.249640892982444,0.324125682258317,0.438910125231955,0.488517016169573,0.0174337706968355,0.846784259367956,0.218633158930821,0.308316200496845,0.802706586399637,-0.120621549207791,-0.880600462621408,0.440166943208639,-0.096327435489934,0.0503003866703946,1.1443737335584558,0
112508.0,2.22504775980486,-1.58259403724991,-0.584294348681803,-1.61777111155975,-1.49389663706834,-0.233920868641635,-1.50183141939432,-0.0318569926048502,-1.16241016252933,1.7164420698925,0.30293044593553,-0.0703248729451323,0.869064397063982,-0.569713210382699,-0.681757101920408,-0.0898520560891349,-0.0283429325651441,0.985414802239666,0.0015242585657128,-0.353438510608944,0.199257298612073,1.11869159342373,0.0088272117745009,-0.366951615929996,-0.063793301179278,0.122451386908404,0.0320866061473212,-0.0566479611836413,-0.22928872095474692,0
69455.0,-0.787732841435895,1.07699204119856,1.44325828269377,2.58785612520635,-0.266748091101964,0.612788030412198,0.36790950236546,0.563258611013881,-1.15915253199444,-0.091836419117626,-0.881082801512575,0.532168928716555,0.803370186983758,-0.0771469890998125,-0.611445736660681,-0.436001932262471,0.498493531528709,-0.763479211876856,-0.225575503994044,0.0744717754987159,0.13123089702261,0.339777387349506,0.0621000653328675,0.101732988764359,0.115684935518925,0.16418802593965,-0.0762210608840096,-0.0314081585576732,0.00671830707341059,0
90089.0,-0.625581614108584,0.829973412310588,1.17042915693417,0.0489905745320096,1.11272163801777,-0.375807647382253,0.759439604701796,-0.209708311072526,0.583295696538391,-0.97441903150581,-0.361496127697934,-2.65114851936437,2.06822830650744,1.60257502968025,-0.224696937086034,-0.487526464540979,0.657371175113283,-0.183525246351267,1.27674847044926,0.158623073236854,-0.439370079108751,-1.04148626825129,-0.287725884963169,-0.750465358856001,0.427673788475176,0.508354295570292,-0.0464288056820016,0.0450927531444501,-0.3132885118893834,0
16028.0,-0.745950485970095,1.09264968540915,2.21409792068646,1.02429663998771,0.654515899700027,0.442636169040914,0.574027111589242,0.070784075105353,0.747685807754871,-0.85428680487044,-0.980856810820967,-2.34002217565464,2.64933476555109,0.638156255050919,-2.49221600502993,1.15471532771561,-0.631454872441689,0.257480620527372,-2.33210471118129,-0.230051336263776,-0.0171197558786105,0.276358859379393,-0.343976511173305,-0.479287470103857,0.224439631558412,-0.189774844706449,0.0663390421147979,0.115801519191645,-0.2773457170058811,0
858.0,-0.81159641846601,0.72422814245238,1.51065117948351,-0.508840883658431,0.471784749641067,-0.843321811097845,0.630595793213024,-0.0632238757985619,-0.266467304523437,-0.587010759649101,-1.0694706848615,-0.626385255357628,-0.73576351199646,0.24725987545419,0.59044621594341,0.610702116266038,-0.773203954187957,-0.158895196954238,-0.38602561661778,-0.157727989163831,-0.196828338407175,-0.766914504273592,-0.120189630540092,-0.155811550879059,-0.146878191504954,-0.0275735840920519,-0.104091882813199,0.122882655740333,-0.3460728186796746,0
127442.0,0.567782837908952,1.53417129678888,-1.97622138588515,1.37631608583369,1.55272677662059,-0.985146707286871,0.908132540621727,-0.106580911071619,-0.632523185997004,-0.96433460580168,1.66016701438109,0.0855935790089934,0.400441898743222,-3.18274137663172,0.312317033426725,1.00672744842793,2.05103419666618,2.30645237213181,-0.0704023309821368,0.186158477158875,0.182224058872651,0.795245035038285,-0.092382552761736,-0.758600952685759,-0.583438448767168,-0.419994585688033,0.406894993903978,0.162315390652818,-0.2963366264270864,0
143088.0,-0.305173531537712,1.35340918725282,-1.65331965691435,0.220777951929447,-0.258891932326437,-0.669433028255261,0.72571121646225,-0.837131676774227,0.357138177317326,-1.068591752644,-0.839485005036857,0.4518908765369,0.600253843848407,-1.44408923062825,-0.263563472288252,-0.245862947060341,1.49196005924386,0.390089955283736,0.967038688385945,-0.467078309976944,0.781613316680012,0.0959209135964539,0.423736897134999,-0.210795656181931,-2.05662769957644,-0.279946498431467,0.161724128381878,0.291386365464841,0.16324338156608156,0
129396.0,-1.49772180232303,0.782019984226587,-1.61273767130756,-3.82401045065108,4.06184551736468,2.85576813425834,1.40841835421831,-1.61412636604494,-0.184140492033902,-0.72606256149314,0.0216232813983533,-0.256504108631135,-0.814511728844973,0.427988685874502,-0.392923215970167,-0.892852911447118,-0.569685660889569,-0.882173977413861,-0.730841580900476,-0.554289407088568,1.63504908561901,0.167726253629038,-0.590039862557617,0.807970473449753,1.60930531886445,0.976156608412823,-0.583571751310542,-0.458154387791237,-0.22129254856687103,0
80917.0,-1.53063954987198,0.998027567146385,0.265891091976857,-1.34044096634314,-0.301800198952633,-0.457354742048019,-0.313459122166616,1.02660046022773,-0.301131686556569,-0.687594290801943,0.708182222137255,0.393273254180734,-1.00835038730478,0.998316413919875,0.0367682561839599,0.776060299250861,-0.351272365160591,-0.0999722588673251,-0.625668964275538,-0.425994117976981,0.0538070381840211,-0.0700042534855831,0.23586869536952,-0.289887334719542,-0.228683848579074,0.793379678589202,-0.275389097725724,-0.0977448553651251,-0.35015086659749134,0
140302.0,-2.8379400090629,1.5403352893701,-1.20835889063754,1.01535392192897,-0.73771861573732,-0.486615342491496,1.75698588499313,0.257218552365087,-1.22268372219822,-0.228219497967518,-1.19130194314947,-0.514648262738591,-0.752837384011191,1.43648713489422,0.806723410691014,-0.4814143997899,0.358094974894323,-0.0634516849648022,0.755857630559531,-0.847425248388876,0.104050000446178,0.334754083141764,-0.538867061779996,-0.0439513078373656,1.08549585803511,-0.255747365557308,-1.05864864236636,-0.528164275975388,0.4702964012605165,0
69602.0,1.1831412376917,0.0760565807385269,0.837477962226477,0.935118528577305,-0.591535023008592,-0.13536578337606,-0.455875691062199,0.176678908737833,0.250682937076112,0.154385496971939,0.866270824744826,0.329568090736429,-0.830405957183611,0.471503827393786,0.718943823012156,0.826754650631067,-0.931659405703465,0.763034192599305,-0.0743012882543574,-0.168834628265946,-0.0406096923973567,-0.173157722765856,0.0192177947560457,-0.0421048759037559,0.303582616004581,-0.505875631905831,0.0393388363871943,0.0212974646047469,-0.34363398610137247,0
140715.0,-1.44974123922494,1.67632261688512,-0.886296824037417,-0.830921237397676,0.662038602950587,-0.0943922763975689,0.354481026854227,0.517909734169629,0.450375656161693,-0.121238341465221,-0.0171544406629292,-0.104219470983661,-1.23911850663659,-0.866506683937711,-1.40529321442194,0.37072534423857,0.476467235650514,0.929373866790244,0.282199879713742,0.0892953304883536,0.0808764007544874,0.32412689669496,-0.231248993566126,0.128165036850558,-0.0728799270405728,0.53694861642992,0.0385626609293359,0.292971606524443,-0.3452332205789477,0
97050.0,-0.214159387011449,1.42915484846296,-0.635525237918529,-0.314672149354937,0.772698527842726,-0.703473253774542,0.609732706481133,0.206934636572987,0.923294063040939,-1.47381030888683,0.290349957930456,-1.95722464840671,2.65344466495077,0.550786196413665,-1.06858625390703,0.333520557720711,1.2565730120608,-0.0935726531746653,-0.505197797496545,-0.0537456490583049,-0.428616077896008,-0.938317242032835,0.180539134717297,0.461978204096831,-0.393969209539706,0.0797238934110225,0.0756700628457343,0.0169610153138654,-0.2932980809196936,0
31160.0,1.42176580760874,-1.20210693034841,0.809248857762994,-1.28990059798591,-1.9177652348596,-0.824129029500287,-1.20280491618311,-0.113996460973183,-1.55061164882989,1.40584836724887,-0.555327128198349,-1.13579329271283,0.040625557983865,-0.355074332729158,0.886056277731295,-0.0839538981914695,0.415356278117005,0.150332459776146,-0.328939974005066,-0.278844770846404,-0.261832269850263,-0.49193469937482,0.114642011242244,0.321466492868657,0.11647681615285,-0.33441183945673,0.0413406857933003,0.0367381871041772,-0.15332508326992578,0
88242.0,1.91522488083622,-0.200996994472258,-0.579902419899757,1.45488847733278,-0.068525793150479,0.0523949858289161,-0.140896555424327,-0.0514077387135411,1.09020870081628,-0.049826011617848,-1.77598127494146,0.969526294427449,0.785327120316434,-0.473746060330258,-1.25735744493883,-0.26153357173635,-0.347650548659314,-0.7593329170794,0.455063959609332,-0.144858698697069,-0.538468138031562,-1.28290376137015,0.311383673933309,-0.71394853536359,-0.210323996226466,-1.07107568352156,0.0528924869621911,-0.0291603615047982,-0.18139164835137023,0
33483.0,1.19973129049596,-0.855579894495822,0.552959955591087,-0.751726332734955,-1.02093946933639,0.289694671454172,-0.956864852819029,0.345390432539215,-0.725683351179884,0.778220832974392,1.37025722605399,-0.190527767916378,-1.50215006294155,0.596071053306105,1.06298864526831,-1.36611075218492,0.288496690231526,0.743664931825075,-1.23429193149949,-0.584725341904757,-0.390152090457997,-0.767040500425447,0.223087150733592,-0.332363362697444,-0.239054511272838,0.919410096744889,-0.030435504932517,-0.0007725739105202,-0.22629015630929347,0
161186.0,2.2048339446299,-0.805695443332205,-1.67110325939617,-1.12799485779466,-0.0751626563793795,-0.33338076584759,-0.441031351214226,-0.0695333128587221,-0.572648791155186,0.974989140161092,0.454843478304726,-0.432317509081451,-0.891057592252766,0.328127217408231,-0.786346745842414,0.966986910994261,0.0647624938892356,-1.1624971627173,1.2334004101968,-0.0615240055702844,0.0386337111372189,0.0338927835277122,0.175440382978508,0.203139495298184,-0.0118417637357718,-0.296267938405598,-0.0531175844561917,-0.0731022231869726,-0.2932581000577542,0
79331.0,0.898561758485984,-1.01435354208654,-0.158767610031972,-0.0654031004299425,-0.802025221390707,-0.716663182942697,0.236787892676895,-0.344799170491442,-1.22844505733279,0.590065888696839,-0.734095134513705,0.182460655980109,1.09488669120012,0.168545782324927,0.787666391440663,-1.1332796177618,-0.279709684485805,0.591828389983014,-0.563496880993123,0.0940978252658659,-0.727617782782111,-2.27116581266063,0.0418217061384431,-0.168642425306034,-0.0500824306594495,-0.0212391128287295,-0.072996773311295,0.0646053410229212,0.7402471810752074,0
9841.0,0.972008712722888,0.576298937435755,0.945969897695455,2.53569041463413,0.578889212989139,1.38416903512095,-0.238470962605213,0.351593003183768,0.385691321236512,0.0831377034435122,1.85169094743056,-1.64203373906779,2.3633370306479,1.70120493244171,0.80008703940474,-0.652704107156256,1.35975599405084,-2.34717199599602,-2.80537521128848,-0.283337277464829,-0.247098743586912,-0.362927881995175,0.312218553304797,-0.721228112493145,-0.106914086151533,-0.199556275462796,0.0429253070850742,0.0132895215309799,-0.32576254081446976,0
56184.0,1.28830892808552,-0.64051954447444,0.265770343681892,-0.674740327479816,-1.09330976305871,-0.979854466315314,-0.465923673097261,-0.118900993184155,-1.04672775067447,0.831551704873252,1.48427401603805,-0.315656120893281,-0.801538686183841,0.318015117544092,0.0375760629659069,1.17159365747445,0.165400861647903,-0.848073257297984,0.723801703101125,0.102123039784896,0.292697500800128,0.60999338556987,-0.127605367616822,0.549454055580705,0.529809817666429,-0.148003954507889,-0.0227886930815018,0.0077525483015681,-0.143129963475384,0
30074.0,-1.54291986732154,-0.0126473864398397,1.30430283891056,0.998210815022465,0.0949123322425578,-0.416270913502715,-0.131119766669647,0.6119442799991,-0.375677394819307,-0.706268338240344,-0.931007287216443,-0.51916540321529,-1.56908555599128,0.668263845668963,0.543809317165176,-0.971305943462727,1.04085873844885,-0.574331161672927,1.03370527705354,0.216108739389352,0.0589502309908138,-0.20889042122307,-0.121592356739372,0.103162401254125,0.277564357834369,0.574839481256703,-0.0829513892217809,-0.136728072242209,-0.133334652300236,0
68445.0,-0.723213503644057,0.881650474435803,1.44325443548701,-0.111439070893398,0.807100641759068,-0.511086275447915,0.809907679612345,0.0084800335843294,-0.899809518016523,-0.501782629434722,0.795661425417575,0.705289290674979,0.319873949247567,0.34393642589703,-0.406134584679831,0.45766468471013,-1.06131249026421,0.520707867882706,-0.408084769599819,-0.0515757539060045,0.159734371818213,0.360272646340071,-0.344955847450294,-0.0393844013743046,0.351561621209726,-0.466521236880892,0.0750302725394922,0.0967766225700812,-0.34567301006028084,0
133625.0,2.07038186073905,0.0643258323302025,-2.21526242348208,0.31115284832205,0.962813918189256,0.182144730099699,-0.0778289219418689,0.0238071241665648,0.559497485420162,-0.527309983719065,0.300764642152597,0.652291139099148,0.356854451550191,-1.65830033436529,-1.0049842331123,0.55995196573347,0.622636632842385,0.902355399282326,0.495414701860586,-0.0959007254999615,-0.0458932873164666,0.153743304994043,-0.0620636042341063,-0.415873625195436,0.217783096811726,0.65325251919401,-0.044172486185872,-0.0440316418641514,-0.3492313067728856,0
55240.0,-0.626115758780595,-0.3214961410522,0.431947117169892,-1.82967574585055,0.903179508259493,-0.798913342532942,0.54869841699749,-0.187903262987582,-1.57252489355911,0.0450657730281739,-1.87827119624593,-0.592531869690518,0.734338404257249,0.058828285306338,0.0365524284159094,-0.894428130507529,-0.724388960930189,0.898832402950901,-0.547081619186168,-0.201481618650419,-0.658299165543431,-1.77005274689418,0.211360413555146,-1.04478356434332,-0.461156815326331,0.53577726276075,0.0009264495063043,0.137446243056137,-0.1135441256402431,0
34263.0,1.03867418780842,0.0505912736794003,-0.21638121937527,0.905434928781418,0.362023570763498,0.0496893584725338,0.409416882499317,-0.0680168511899359,-0.480275633493149,0.130160322550536,0.49796802739257,0.922677890513865,0.728564081632826,0.50865260616002,0.20885564685294,0.698282887604626,-1.13263860335544,0.131286308419363,0.528829344613721,0.188962134630634,-0.415321537626072,-1.53541190361359,-0.0423611596966744,-0.890368106821478,0.348388947584424,-0.799020577785052,-0.0142526967674527,0.0300067466439909,0.15260847229020658,0
126910.0,0.368692800100683,0.843554926122817,1.12161429744303,4.30434081557519,0.833011980920657,1.51370894673151,0.17397960260539,0.0247379825409666,-1.24973298208207,1.75814905326372,-1.85021790019736,-0.761139170991183,1.00867644738834,-0.445694878825629,0.752852633552667,0.267773656789401,-0.508348276630197,0.850423965876173,1.08616088598807,0.397114899864458,0.383107070312533,1.36792797241127,0.087788031806639,0.0636353176656174,-1.46361307765468,0.318308997190047,0.183181249348661,0.0923107136843596,-0.1720361266575554,0
147274.0,-1.49555411601877,2.17367251814215,-1.67406959485214,-1.45357307415261,0.868605128310252,-1.36857993821765,1.40400077742096,-0.0652876567434648,0.814785493692643,1.27187421301667,-1.03433485142009,-0.669658892681531,-1.35909131480879,0.59386728825431,0.123707464938146,-0.742813216479433,-0.339397118013249,-0.364688868917089,-0.315881227707485,0.516536410195478,0.0129938366248479,0.737925502276289,-0.150256588402061,0.672927293594766,-0.110904573604791,0.0066161787527897,0.16838592445306,-0.220467471862676,-0.35015086659749134,0
56924.0,-1.24739435595267,0.0060495688910219,2.19046159866633,1.66601017636456,-1.12747103786582,1.67109193681999,-0.994740600059257,1.13044716708637,0.893699866706825,-0.542276225676667,-0.323383246605158,0.435780080053246,-1.66915263426769,-0.31242735063506,-1.54885217845156,-0.786056870380832,0.831596119413553,0.457908011796265,1.35953943151321,-0.207808493987853,0.138793569500008,0.656964966268478,-0.206793499542604,-0.272436013786348,-0.374587665894593,-0.127735010535955,0.0822930968315854,-0.0205876071425163,-0.020468679045367498,0
136875.0,1.98693324456341,0.152686615208919,-1.74252999914758,1.20188657979679,0.664115845910467,-0.669493475903479,0.602017362056401,-0.303308624401008,-0.0986544237078292,0.414504097813346,0.402616190497089,1.09985877320055,0.169217029735095,0.617628183140755,-1.28413321484308,-0.388966455291788,-0.600239446772701,0.0005437358025659,0.275912601631593,-0.206125596813398,0.0863271589100692,0.417769469461815,-0.0907031499631986,-0.387967816146766,0.503266325113444,-0.491311098639428,-0.0227436164850734,-0.0714480110571155,-0.2454010083163169,0
90091.0,1.94238152718286,-0.522871098172682,-0.218608081099268,0.497249589814377,-0.605544974827042,0.216448387947681,-1.02500855745487,0.216530463924146,2.51690586115077,-0.163349123615381,1.44828246215926,-2.32102870364114,0.112958978827275,1.68118293012141,-0.826362458602396,0.519368729171282,0.133833427087989,0.896245207718079,-0.241578193740731,-0.300101392544487,0.0472068152805686,0.45804089953117,0.227490387635981,0.657071316239495,-0.38928434971184,0.484869305907677,-0.0621817399320135,-0.0596156829195957,-0.3072514017365371,0
76870.0,-1.50088183739889,-0.109960539092172,1.5995565141728,-0.405910086650548,5.19033238237061,-4.26536057460163,-5.2078390030449,-1.79914347062297,0.987598226161219,0.980514991327181,-0.654046217567138,0.931738411167342,-0.229886261450168,0.185615702707574,-0.475083940691094,-0.459201853816329,0.0885620455309806,-1.19128383001886,-0.513518961267248,-0.689389360993083,1.53576999931956,-1.47273228029929,-8.72751832614522,0.91539664009244,-2.60381803375889,0.613612287789799,0.655792683019468,0.29278357545879,-0.3452332205789477,0
51994.0,1.09736567395145,-0.725425808576742,0.733783841715459,0.408784809641956,-0.886601175137618,0.603103037074489,-0.809191440706639,0.231315696079859,-0.740697352219325,0.779878912591989,0.757368039278292,0.859352602166245,0.565195174037934,-0.107318893205013,-0.141601725890738,-1.45760105970699,-0.169834046886276,1.54805451969748,-1.08451281849658,-0.39035850751534,-0.138674842733907,0.101420677619064,-0.141843456401923,-0.316434639364399,0.450869611214327,-0.198148914077408,0.0792004514501159,0.0301690707085061,-0.037380583645725066,0
148471.0,-2.31031700951762,-2.33704405472289,0.403388561137183,0.264161794286812,3.06225803651329,-2.26311801932698,-0.459685362112381,-0.0399673882861604,-2.00196375497548,0.536379758115944,0.480963390560245,1.02102777270981,0.845306788107861,0.435514162773423,-1.80012965951035,-2.19321221583677,-0.181418231136634,1.30849109368564,-0.839141301127901,0.336310225633368,0.103178232221843,-0.0361493318326397,0.363297865027253,-0.0125088911427596,0.466198172059342,-0.542560861175158,0.0225119703181484,0.191671961546403,-0.017630037847671573,0
41191.0,-1.26656809384492,0.711241731431704,2.05153377021784,1.33995671078908,-0.366667997664249,-0.243311880569893,-0.244431093319565,0.605416058597101,-0.749124739857697,-0.532546884560781,-0.147652673223201,0.0653791742419463,-0.004682160142429,0.496724272111851,1.8470693573952,-0.296175452824538,0.384785607223745,0.0101523250103266,0.0724138402184507,0.114837681006531,0.318512423181319,0.649672101632539,-0.169834877098888,0.406151574558594,0.191982427957564,-0.11294728636052,0.0032762658211632,-0.0430249013089883,-0.24448144849171116,0
55363.0,-0.767160740410751,1.21660424008173,1.62865535968923,1.53128861810351,0.619906003611236,0.165282592509683,0.674961041760596,0.294844548245502,-0.903273310565456,-0.502748594463067,0.273187482728081,-0.36436681039209,-1.47702307262441,-1.06404051328292,-2.04291531744447,1.00215613084045,0.126571336039179,0.794387427742212,-1.0149485287882,-0.209674183036413,-0.0442916186388638,-0.118022330745785,-0.36710484875258,-0.129275776980532,0.328699080520679,-0.0733222274918238,0.0615158593553796,0.10415180002343,-0.32292389961677387,0
57939.0,1.29467875565036,-0.637966285874568,0.422358308412797,-0.498101829738042,-1.05764020971279,-0.667134626770048,-0.499146429414779,-0.0958645749659749,-0.822110397683665,0.659001230242909,1.30457190947851,0.500470645208734,0.0973049523293557,-0.236325342673297,-1.30135066130998,0.600923055762258,0.532069154757232,-1.34463597369986,1.13942694262289,0.114822412262769,0.136328605903355,0.412558021236947,-0.117304665910683,0.598596887062826,0.626834650435052,-0.179806086835171,-0.0014586950277104,0.0056116686170836,-0.2049003951717254,0
117764.0,2.14098915627297,0.0222420917466624,-2.48362484665198,-0.303798414782098,1.00687929880491,-0.737646584978364,0.613491813662341,-0.31252235271985,0.0492175776847086,0.198064942258802,0.404486902729229,0.433333934328901,-0.547294819950886,1.05765411041079,-0.184359002932512,-0.213320439464717,-0.72898263980784,0.249920472067806,0.648456392145652,-0.211027833544691,0.147501235413613,0.475690444413109,-0.092814522746551,0.135724332990115,0.495176410982223,0.227670995710735,-0.0991530344355362,-0.0891340559065826,-0.33167970838149796,0
142664.0,1.93898656452362,-1.04965068338324,-0.609937064418857,-1.29869146523938,-1.22456396170812,-1.01296201581134,-0.694319015567718,-0.0810828579677854,2.55479347177573,-0.96315089526099,-0.9246087833724,0.202644715424145,-1.04069504767852,0.0698598602762816,1.2102280196661,-0.490632034907974,-0.134900950189464,0.350610098574837,0.48837837533334,-0.164867200909564,0.27285315171069,0.966335946915584,0.036345291054014,0.0284177876614356,-0.0948603745382852,-0.0624777764902903,0.0246932347510549,-0.0381568751520207,-0.1139439342596369,0
81428.0,1.08489968472801,0.19770310326332,0.102202310612397,1.23251852176626,0.0675016400914615,-0.364201464919507,0.408786467714583,-0.197138659498209,-0.101944461372703,-0.173461050639157,-0.169805217444414,1.15645223012934,1.23794325284165,0.0208003271124662,0.137155833410023,-0.767531210506961,0.103969910721951,-1.03624478404255,-0.462472460254219,0.0142460727527412,0.0459579156207227,0.264203001682693,-0.189825336944973,0.144925023263441,0.797690527209619,-0.258422466937092,0.0246867808793629,0.0238369072993772,-0.09719195310703685,0
41487.0,-0.105187960552825,-3.39558486403836,0.195513477072304,0.245826012016684,-1.87984938716566,1.25781689386158,-0.384913303607151,0.144915669275862,0.560298859455341,-0.184075854208965,-1.71139653135011,0.0204432912879958,0.413637221158903,-1.25875480941125,-1.65227664258196,0.221154750458738,1.13641089676598,-1.90340966178215,1.05049291382339,1.54238567369892,0.317325632559749,-0.334030601547536,-0.748431285603407,-0.671848272306388,0.25066253059599,-0.210017490024504,-0.0508424574889576,0.141156125247797,2.645335252486643,0
96592.0,0.843630731343974,-0.83642632696357,1.28535788820636,-1.4458641624593,-1.61294849948236,-0.198566640311845,-1.65263096507383,-0.749617213703608,1.71611266287855,-0.203857492153612,-0.342354279073785,-2.72968001560526,1.7241887725692,0.821644326697373,-0.334822460867237,-0.326299518880456,0.129722642509182,1.78934138017149,-2.07088112649375,-0.727051205049465,0.389272399584216,-0.664856148224456,-0.0395723750708389,-0.0618472887750144,0.136781082591411,1.21992127636414,-0.0525794360683306,0.0114394143826239,-0.17371532285900937,0
160097.0,-0.482959662961751,0.103834594216849,1.588619058544,1.33486440696932,0.827277147126769,-0.260028362287794,0.458425996978725,-0.156346308706164,0.241849201771746,-0.25214827648391,-1.1440902193362,0.755773462633215,0.692739501268382,-0.63011147451357,-1.02300420674124,-1.08935024198173,0.186689313010258,-0.785067681757443,1.14752689244937,0.252093395180496,-0.383784905685897,-0.809854433292545,0.264500996656186,-0.0623625449733293,-0.790683259063052,-1.03754592375078,0.0824039946503311,0.0056645208880778,-0.2316875726711097,0
134559.0,-0.26569146152165,0.94539865209186,0.248609534706389,-0.721700827707628,0.416579892765429,-0.895555109502181,0.879773451746667,-0.0589925758149332,-0.125642740501399,0.0688436533668153,0.89068336169771,0.907364875173131,-0.01790833230163,0.230794852926521,-1.10021422774692,0.0525951509233034,-0.638292011603313,-0.308556818355258,0.141384339270412,0.100090850009048,-0.232928464774886,-0.460428832525338,0.078198249566306,0.0695173803356723,-0.477469972799915,0.119730200503863,0.352233994620007,0.152296509333015,-0.33327894285907317,0
148653.0,2.06237602874621,0.0024726772040443,-1.33628290088468,0.357268795129022,0.0191271638274107,-1.32254667769824,0.295496783729161,-0.427657687806107,0.539667722697779,-0.000119309052378,-0.68178984670392,0.489789307715952,0.476356387247383,0.406586297420618,0.702338576860507,-0.216308426834454,-0.547798860644552,-0.0921169561932672,-0.213922815005767,-0.201167933765307,0.250711237831142,0.892723269166254,-0.019910238570695,0.0244412205633612,0.286856423274918,-0.109056309562131,-0.0186567927141485,-0.0569422330752811,-0.3132885118893834,0
79387.0,1.4345169378108,-1.56017255038858,-0.78396836633503,-2.43292737472782,0.578637732368207,3.52863833509608,-1.8147365236531,0.859190098504842,-1.68005158395215,1.45192727349868,-0.311040770120407,-1.04869653995552,0.620636736817147,-0.406962072879029,1.01434170158532,0.189104119761735,-0.129896357639161,0.835635081769136,-0.120798354843716,-0.068983525246704,-0.0209241717052172,0.0893204761514879,-0.120670862831839,1.00991270189093,0.510410782091505,-0.038199600760603,0.0473062338844143,0.0312182048508781,-0.06540716786523015,0
109958.0,-1.37259553426221,1.35691768542945,0.458735665940587,-0.969365398702309,-1.0244003508255,1.44474099679741,-2.83951513288543,-5.96178382176018,3.35712820262673,-0.680079524650656,0.733542288117859,-2.34333806969872,-1.13199518916215,2.06338818851217,-0.973716623305552,0.776410980655946,0.198342923967546,1.49273529592706,-0.796154069271632,-1.73285040770786,6.06071167485348,-1.96455852195525,0.696919966445732,-0.713122581350339,0.167162109122797,-0.690772669334683,0.521286758692648,0.3420227917859,-0.275226731323094,0
58115.0,1.08753862917876,0.184131536638642,0.519030869190494,1.32809079461997,-0.136137614103625,0.0419863444739033,0.0359830163129885,0.0713538271660485,-0.098544266618969,0.0168441678213433,1.47449541544803,1.68991022895204,0.507802105597142,0.126433913689603,-0.891988880891409,-0.62092337760991,0.0445101444517009,-0.640919950154603,-0.163816997066688,-0.116371975091263,-0.0214996947247867,0.151240034426523,-0.0681971623980988,0.253499327634361,0.627301519494349,-0.345955772992919,0.0393866718461234,0.0112614446525608,-0.27762558303945684,0
75780.0,-0.75788141574759,1.28885310304106,0.782835464452655,-0.13941135512496,0.134448568951311,-0.0237337274657091,0.240699720239482,0.626989376350114,-0.889366368847467,-0.634955955367294,1.35846579536081,1.02852564003115,0.66942500292671,-0.0138060634074368,0.371995371522381,0.481205566163529,0.0537542602939387,-0.0084692169729611,-0.0472421068920818,0.0516920261687077,-0.151362953082341,-0.49040349633376,0.0366247153855761,-0.347106303958538,-0.17282340511482,0.104827836495919,0.132159750772918,0.0210346559575539,-0.2938977938487843,0
63986.0,1.2577213718392,-0.843521453216697,0.918924511374375,-0.645729617751041,-1.38320188712969,-0.251417718232288,-1.06872567675579,0.0781615986545037,-0.369952620216594,0.553439113879696,-0.137404820389361,-0.67464108867492,0.0618088252317932,-0.364344274463023,1.39730204205871,1.20260353662788,0.34921718423963,-1.2657642682604,-0.146061520822406,0.121165356773468,0.429368022039635,1.13180720829181,-0.10317029785356,0.125424276648924,0.332405943740129,-0.0232738216213201,0.0452543417357048,0.0286466717020053,-0.15340504499380456,0
163952.0,2.05541664801374,-0.92583606456517,-2.09189100181624,-2.56179291549633,1.61488542262039,3.25407652062999,-1.09623199114681,0.912617779921087,1.95424386413154,-0.93575165350453,0.206779746547913,0.880844877446239,-0.0588484616996501,0.232675774625052,1.59836190457153,-0.460507597978057,-0.377249858786429,-0.371814040417408,0.665231666651796,-0.124046759664771,-0.231444656068827,-0.560406098184737,0.414748644615465,0.686455101641759,-0.376677248777254,-0.538941007944356,0.0465730160322698,-0.045572493103645,-0.3455130866125233,0
67614.0,-0.606124301715516,-0.4108264481994,2.9188035440539,-1.40540472159159,-1.26929192560911,0.56520900184933,-0.87085322994207,0.510216250183795,0.300614555734289,-0.508199952814721,-1.40623649542226,-0.973973315477977,-1.39477706032124,-1.26805860739426,-1.69285198334359,0.523124408415186,0.955302330422191,-1.58279646890802,-0.0132713016532779,-0.116224278350551,0.227782755228311,0.905748349136693,-0.295434697847561,0.0979690587644261,0.0878903728875536,-0.170050637490997,0.14841366626026,0.0954492139372119,-0.3492313067728856,0
48165.0,1.28573753724956,-1.00015205179918,1.45332551549482,-0.28739877363753,-1.66218506645235,0.421705294901418,-1.48804705652451,0.307527758785403,0.520605995016058,0.266887924816012,-0.837130247869528,-0.141659290156924,-0.143794286462265,-1.16213185901394,-0.853886810340832,0.337643804047004,1.10671827955455,-1.86144455083629,0.606545533731064,-0.0123969307380731,0.112451130587558,0.655287170030392,-0.0204260487697346,0.137834123157803,0.368389839379058,-0.0880174124837694,0.0906368152642352,0.0222156399588759,-0.34323417748197865,0
74902.0,0.989996620019589,0.379892041378081,0.919003150524268,2.39594751060353,-0.158131921164404,0.211561876572013,-0.0387781335674148,0.171744395693952,-1.01202535109372,0.75213543062515,1.677011261025,0.978327992347887,0.230938238081673,0.433332223241856,0.103580655083755,0.673331798695401,-0.582489082616281,-0.532160508004536,-1.0780972260502,-0.0665006283929455,-0.173729957674805,-0.677766924141865,0.188868592340529,0.1653650119226,0.0293992241892159,-0.334330728862896,0.0049845595540291,0.0286954979175366,-0.15964205945634774,0
146957.0,1.40311264438087,-2.77393814017199,-1.39239090445371,-1.3952483555944,-1.38636102992056,0.143996473543871,-0.597246724785306,-0.113506148413716,-1.5045981238279,1.4393058518192,0.478376028548111,0.19571495834818,0.944715922014257,-0.308224209861395,-1.00829997641998,-0.171845715847575,0.149188723121125,0.0643682917851344,0.441241233936801,0.549565570822147,-0.34729523241908,-1.59743062280837,0.127274927605046,0.288550538266043,-0.740730655622768,-0.742980541058673,-0.070306125299986,0.0332034143774355,1.5026822182591755,0
124313.0,-0.226563062480146,0.648585123998682,-0.991677187062978,-0.587485001947373,-0.328138902120812,0.129949464923206,2.49889552765225,-0.525242969860819,0.102272632982852,-1.71837423121971,-1.04869782478215,0.459450900978962,1.53647722771269,-1.98778999545395,-0.638572947376175,0.270836246284525,0.54019275706845,0.235335892061341,0.165379009962412,0.0209232217757242,-0.207358429096095,-0.294245366164819,0.070412488530619,-0.785641309315122,-0.119401692185845,-0.130657491562673,0.0834850453776755,-0.0179284508446326,1.065611435537878,0
126790.0,-2.22193267750825,2.69527797362683,-1.6852773405919,-1.8046733286179,0.907180727381811,-1.39809676148117,1.75060446486559,-0.43908946416266,1.57817499639957,3.09948472093417,0.738411499987482,0.030804512733545,-1.05812727169859,0.0056636758387129,-0.576350825310811,-0.710899079132995,-0.982032586548006,0.0999411421092009,0.0142035673835154,1.20773175213324,-0.165610499469809,0.832718969924398,-0.275141215654609,-0.340197146871303,0.055749887984316,-0.0062215457428574,0.259795168508119,-0.444536771300645,-0.35015086659749134,0
79271.0,1.22565677817241,-0.544664863869127,0.754738453639119,-0.899789105408769,-1.16057045794095,-0.357371742475927,-0.810520882571649,0.24203752641792,1.86980524542239,-0.855094066746038,0.645195247930385,0.318351218873094,-1.95457176908793,0.403542329309619,0.80264743668727,-0.061933948748355,-0.407073147140487,1.0215413739694,0.981897480661633,-0.224894705222235,-0.0038996045578291,0.111869058330569,-0.0660251840408907,-0.0244220730488623,0.450041717237446,-0.677371667613071,0.0770688500956735,0.01773918618267,-0.3492313067728856,0
17404.0,0.981610053909068,-1.27493595662791,0.974259188113794,-0.337130665337582,-1.48144249614914,0.136147419468258,-1.08416307350994,0.0294528688116986,0.88120558359106,0.210688595655387,1.84802511879459,-2.2152397503107,2.20290127861371,0.876139340317482,-1.06671352142179,1.45609667999198,0.661550631271452,-0.15129264835709,0.607868096912411,0.45150275669023,0.303478406230796,0.757077892232964,-0.311960842402183,0.0253570671549095,0.39003006631091,-0.103417021541979,-0.0141365762848808,0.0388185206583656,0.4303955010450157,0
145817.0,-0.548544798676453,0.283028745642148,0.667666016448861,-2.23487638174299,0.989981703847837,-0.400360522636793,0.645229145191424,-0.250874745090986,-1.9010028365064,-0.155963566484448,-1.11588282724092,-0.439296446163812,1.96495968708955,-0.46878829776562,0.0024726621273091,0.955688178858474,-0.206178464833015,-1.07970184716113,0.76012854507841,0.352161526483086,0.421693715210284,1.09513438808128,-0.659142187585234,0.195529722604258,1.18143028140025,0.205849888410668,-0.0155592841081461,0.043118314051874,-0.2932581000577542,0
67999.0,-1.64278142056732,0.358224939697565,0.748574529688687,-0.421555541832203,0.26583837800679,0.23744290152889,0.661197660107308,0.613114776460413,-0.669201115581547,-0.873563792734027,1.1005825075812,0.612808678593201,-0.970039578023343,0.717740158892814,-0.672912489746376,-0.37793378306636,0.238326847517946,-0.792634049397304,-0.776161514235184,-0.41346104681777,0.137877882258621,0.443965935362849,0.303487467348848,-0.250824502194032,0.210210686575455,0.457597384817279,-0.116524191742517,-0.0695387480039274,0.03858305403909609,0
144971.0,-0.622543301678996,1.22019129874807,-1.39893496905765,0.0386511854228968,-0.169038433353528,-1.40239669976628,0.311604001713725,0.581452867882218,-0.121559268629925,-1.32375610801312,-1.00252313627955,-0.795365765484793,-1.50059110732417,0.0028065703169825,0.85925457594498,0.352134115937421,0.983881862631061,0.923042102215423,-0.26606946550405,-0.46444649168753,0.378092761235467,0.871764088050029,0.0425170935449084,-0.129657657256323,-0.375918180804925,-0.152102485530851,-0.219665065432718,-0.103554050869744,-0.18866816522433733,0
121126.0,2.13039932670358,-1.62904822017121,-0.744956289301147,-1.37684327127962,-1.63054454783639,-0.956477598856375,-1.06017105848948,-0.266152493035701,-1.08867384949381,1.52790215743516,-1.02308144288231,-0.80990175318679,0.352040830983509,-0.459854919692617,-0.107825302184335,-0.491708673481288,0.48378266431296,-0.0275754910978257,-0.215925582623463,-0.286853512196592,-0.110899755423393,0.0310636090740954,0.187169057374398,0.0278870288696663,-0.286542220799745,-0.188647756654575,0.0057182248321064,-0.0327266258823984,0.025189465289403964,0
135702.0,1.36847535407763,-1.34366040558735,-1.97759347965482,0.404269475891345,-0.163068304616029,-0.711083606789936,0.616473672236638,-0.373024239645007,0.430380807002308,-0.0010474795135389,-0.946714454297957,-0.152325548571153,-0.20660192312211,0.56329470338185,0.777755901532663,0.1920746255458,-0.535427151247219,-0.0597026807494484,-0.261030029869806,0.587199221148054,0.418288137611365,0.400609999949194,-0.27490231351576,0.659939904675493,-0.0513424299508287,0.723933249072899,-0.17033102561539,0.0006056026935404,1.199587303896739,0
79941.0,1.02801069038318,-1.77024482755399,0.946024568864733,-1.12986279885661,-2.12254469594023,-0.338047742926863,-1.17715556457269,-0.0395078150776392,-1.6047504620101,1.25098365284122,0.0983435409112867,-0.428370600215264,1.04039982760938,-0.578740445259283,1.1587235113288,-0.379599200978004,0.692902659404655,-0.263132120852193,-0.997718610440882,0.082371448626237,0.0277489894332456,0.0728560826750918,-0.0230860877751128,0.39417241118469,-0.0069446590146861,-0.239608020971139,0.0453835374710909,0.0697839961074704,0.5010816649538389,0
129755.0,2.05207136514926,0.103909831737325,-1.23039182353175,0.441973436994081,-0.127296915072197,-1.74094938935192,0.441226738777811,-0.453292386879933,0.447167177777113,0.0055722314070097,-0.255653854448838,0.375505468364978,-0.341213456299118,0.69820670785636,0.648255994318897,-0.357472759769573,-0.27828945425772,-0.641895212024364,-0.144727769058337,-0.2867626794211,-0.113500908451122,-0.24475822100605,0.28455170630564,0.42666064483684,-0.0671675324705445,-0.518989170146753,-0.0296916411554433,-0.0516299649795323,-0.35322939296682354,0
70116.0,1.15495079632907,0.0729706015468065,0.223091914141221,0.506520262831417,-0.274051434808322,-0.699872290340033,0.173913584749007,-0.0767915493985721,0.0423654082105737,-0.111486541342144,-0.0984740928173873,-0.0851193062526064,-0.858555078222711,0.628570386873471,1.29227817150597,-0.0261768043052367,0.0035384244965533,-1.22533782327098,-0.264723504820195,-0.115889831283193,-0.462650720114353,-1.49281511386012,0.272964876919036,0.0103058533282866,-0.0453516972058993,0.0055892415813509,-0.0480365409741683,0.0179651813887961,-0.18570958144082322,0
102137.0,-0.088278406521092,0.885699272667734,-1.24549664290878,0.0977724429386523,3.56756071936071,3.64559816447642,0.674358602119535,0.680120163535111,0.35667874024815,-0.54415533072835,0.553846674857821,-2.64399913152778,1.17918739650878,2.16582368913062,-0.682830049044283,-1.24765142812319,0.789896147332438,-0.105292209938555,0.529661539541445,-0.0041566096224151,0.0162265607333227,0.340878370065123,-0.214832677487189,0.658598935142445,-0.00271049830195,-0.413820516353114,0.179436702860006,0.171358720387034,-0.2783052576924263,0
77392.0,1.14640579937913,0.269234374721576,0.384168433028732,1.06553735739047,-0.312723240090497,-0.746481856035245,0.163140342806782,-0.117550370568826,-0.327599040341564,0.167113929314063,1.52633508231092,1.06492424497979,0.106039846654124,0.557988938747011,0.182185480109991,0.178048949570064,-0.614924117583216,0.253760005578495,-0.166273854031991,-0.0820222101098252,0.10798135108499,0.283972699457707,-0.107559103623281,0.555268925417337,0.630187063610612,-0.361502015638328,0.0076677592103921,0.016416069435999,-0.2512781950214057,0
166063.0,0.0350700205661154,0.773265696905554,0.268241220083181,-0.581262235632073,0.334367789051874,-1.06988546803915,0.916049585592804,-0.114643678564318,0.132626022457281,-0.384353153643722,-1.07703772498715,-0.46854608135232,-1.17138282638818,0.352290811467745,-0.226743919389241,-0.0967087533457001,-0.28487518437005,-0.693087218990141,-0.147735161859469,-0.121410997116581,-0.268448082604166,-0.644158626763419,0.0894678801757989,-0.0523133838026118,-0.544348630168214,0.147377461548084,0.242806703001344,0.0942993550681968,-0.3424745411051305,0
51276.0,1.04297816043303,-0.281199673572502,0.684883572627739,-0.0850002382587776,-0.418610112733096,0.373793943270747,-0.445111868521657,0.261534649363539,0.0313050021705697,-0.123988109449151,2.01203512984804,1.37370550106805,0.572758285460124,0.240553102289033,1.02901866334073,0.123308896754465,-0.135160213328064,-0.894066164192185,-0.49241550724988,0.0153200161497174,-0.0521974026022813,-0.208754759547805,0.156299721198186,-0.225194160404425,-0.166701913046293,0.823383027573205,-0.0382682786736915,0.0071307187239941,-0.147767743460352,0
50650.0,-1.70316921442851,0.258844448336486,0.188658387431701,-1.63134110947364,-0.461719853272689,-1.09352859235475,-0.0179834927138441,0.296872836740508,-0.868988848357384,0.942666519573092,0.75499584243191,-0.201528059717797,-0.687287281512642,0.0004487410312826,-1.56433013843231,0.987912607670064,0.175810463899209,-1.01956671578653,0.493524896105288,-0.176167284867704,0.172936604182142,0.981814629108817,0.211724305097782,0.348582203895123,-0.165955513985442,-0.394420216393114,-0.211158361743958,-0.362398873077181,-0.28126384147594036,0
31245.0,1.42076282103628,-1.09528229569111,-0.0640986420629892,-1.41153714991384,-1.34690117603003,-1.02006121729797,-0.658130955615032,-0.130681021644085,-2.14476662250437,1.6641361015293,0.970798684778009,-1.20863451795069,-1.69716057792818,0.561313314458097,-0.176298293170553,-0.359909829939575,0.517879436419467,0.188487472764452,0.323248462705149,-0.372900031382419,-0.452089316016217,-1.19290060114495,0.127604565720128,0.227534802855283,0.226847849340249,-0.46490451661262,-0.0218684127553097,0.0084324702771913,-0.1280571785242379,0
140059.0,1.93905681538585,-0.418288890896481,-0.886717250964886,0.141538569993809,-0.0236659311203488,0.0497035111223079,-0.306143735659023,-0.0293561288165703,1.26538150860688,-0.314335509139614,-1.35187440847859,0.668953608070406,0.902997387509193,-0.138008217402131,0.739429502435137,0.258970787365319,-0.857160656009407,0.018326387550261,0.282118934375187,-0.0246984751398415,-0.225536781074403,-0.625732572557547,0.257589308144874,-0.0116073962083757,-0.24072908051613,-0.979400435754372,0.042879653040322,-0.0165760360128221,-0.09355369467055333,0
140736.0,-1.10517074473225,-0.119831845034518,0.22371128547667,-0.583727209156621,1.38556951873866,-0.969842324560969,0.556976777349295,0.13455318816607,0.0727015145079737,-1.50184174299598,0.5030696429054,-0.242828623571766,-1.71787779674754,-1.02555300144657,-0.971693929637286,0.24563128942072,0.78942233495014,0.910911934489876,0.368536923566832,0.185721800535689,-0.0612350489980945,-0.45806778664237,0.008475856909634,-0.559532765150564,0.0832356141517684,-0.0791352428102891,0.0445417143942805,0.159621468421626,-0.06784600044353231,0
77970.0,1.18367095406389,0.296028805598635,-0.277355751053612,0.857986297816806,0.715252908529697,0.316191164772069,0.376002279789292,-0.0733852238062741,-0.277889718783103,-0.0664985801850436,-1.1010547192239,0.511443449151846,1.33298464532531,0.209761736543444,1.11381719123705,0.24441224138637,-0.719111052653046,-0.81353236907554,-0.0137350540900461,0.0509089012025526,-0.489101370289711,-1.49932083868875,0.023390745079996,-1.37026655474089,0.378372410505918,-0.732075758331814,0.021651957648394,0.0239324229566621,-0.11334422133054622,0
41285.0,1.22802394980948,-0.073419918930403,-1.18308998030185,0.279800731400436,2.16843581186353,3.61342377837473,-0.414862554487876,0.844415169285145,0.17030624352532,-0.0267820921744261,-0.542072305006636,0.236881269442081,-0.219561290261838,0.195618560969496,-0.148860415551677,-0.0988892548730211,-0.510290567385141,-0.072584525404719,0.357735287267578,-0.0015753363594895,-0.172361961173676,-0.490456431687386,-0.142707812971777,1.01081451547739,0.886496123808446,-0.328577392725797,0.0218873896901161,0.01563892093249,-0.24660043417449828,0
137933.0,2.25963335073396,-1.38482512118708,-1.12438438265911,-1.58534013337799,-1.02187714174425,-0.50968793150526,-0.999451402355303,-0.208679143588099,-1.28825180248993,1.54545170974294,-1.03056639336318,-0.685784621700985,0.732832865741671,-0.456810176457164,-0.151823087140305,-0.636883806864728,0.496086995025399,-0.198419954196722,-0.15514514447293,-0.346509078561847,-0.157688289153275,-0.000220311537867,0.22954489353972,0.594299153608863,-0.146980576917357,-0.187790673443199,0.0038820318660202,-0.0408826378217865,-0.1873088159183984,0
80660.0,1.41564398546012,-0.94042354314206,-0.606997406220356,-1.8022774281892,1.01549105771279,3.53382603635241,-1.58995738494655,0.928081941465692,-0.544189194498626,0.662587498037262,-0.0768016793458476,-0.760713247383273,0.357029595785632,-0.323640518226376,1.29320226441974,1.80200458567379,-0.448541136195499,-0.418296133894134,0.592337311779138,0.235476912085317,0.33372848318793,0.755664110989974,-0.145570074440364,1.04960830808049,0.586895719862134,-0.0351455735067506,0.0390605000823177,0.0205803246615192,-0.2756665208044273,0
121084.0,-0.542779453452544,-0.355681621456241,0.434670261548825,-3.26668773019328,-0.461899312681246,-0.142698993768902,1.78000045151381,-2.1772959475412,-1.58801243306159,1.82082620587708,-0.910107155882569,-2.45531356334179,-1.29206816551097,-0.794640233281257,-0.241845666123314,-0.610928593824058,-0.187211646549838,-0.234615048533825,-0.664732625107909,-0.7268466305989,0.207062600264132,-0.744991015137866,-0.24607271270974,0.658183041747348,-0.202776636529838,-0.570078502979585,-0.748945005392993,-0.820741844995885,0.5463400006692165,0
3135.0,-1.05260866671564,1.73714438145449,-0.175157462170133,0.350720698861795,0.666017442796101,0.561205470173464,0.505432781108099,-0.331191263034818,0.502989743250994,1.28529476239833,-1.33830311798221,0.0379331535813378,1.13031402139461,-0.358488188287938,1.34091454804941,-0.23097048357755,-0.663960917603887,-0.0999350086747868,0.455214208853354,-0.020731081654665,0.223370356042059,0.335882638398732,0.0631134037455235,-1.32466633994069,-1.00767016078547,-0.587592104198301,-1.01718314815468,0.212021106142948,-0.30209387054635706,0
170198.0,1.85925952797827,0.185172631569672,0.119991774732644,3.7026286303371,-0.167872163407262,0.680716920756528,-0.649473131594371,0.301768144119134,-0.407734976436748,1.575363039468,-0.125829978536758,-0.0397639686279788,-0.749141968015755,0.0882088278949935,-1.21187145160655,1.47120959113323,-1.21868560342303,0.737086078531495,-1.32651706922237,-0.325058365747565,0.224685570016554,0.714134591152296,0.118057330867824,-0.373769314379111,-0.189972607366183,0.0769289759744491,0.0046601210530392,-0.0491325919981848,-0.35322939296682354,0
33198.0,-1.28118849608972,0.463913494295535,1.66835477168442,-0.44838778536405,0.703650658750839,-1.70433535303065,0.446426688554238,-0.174363067792194,-0.288119896742917,-0.419662713953936,-0.0720525180553249,0.671833363435181,0.863987333485312,-0.101434708748696,0.10911215055817,0.439559838590134,-0.740112553908589,-0.711922643922371,-1.12662985015541,-0.116519854778429,-0.185359356371595,-0.452532316402349,-0.0748187050518158,0.729024161276827,-0.391119434655815,-0.171389207384996,0.282622379239014,0.163080625513064,-0.3337986940642851,0
138421.0,2.31261494282498,-1.35437121345093,-1.28490794194784,-1.83498102981967,-0.719941215986786,0.0121832614638571,-1.1327049503063,-0.048939226040522,-1.51099605875077,1.73539455007774,0.165350373741594,-0.177002203781362,0.753320176027023,-0.305755025286522,-0.867668871869013,-0.23787787663939,0.0023580445595679,0.544273160908211,0.406259787751486,-0.365564164728711,-0.161164015874688,0.0103528643558492,0.17067769271543,0.0814690042289412,-0.0838667582487175,-0.176077486973713,0.0013414751431057,-0.0602350564102894,-0.2932581000577542,0
71403.0,0.974835704064787,-0.608438996219651,1.75720271942282,1.66639208371584,-1.27869438323995,1.26487664182068,-1.29240591345987,0.692310677706767,1.67901366434849,-0.224673321437162,0.18419478345353,0.721835356849821,-1.87290570471147,-0.550614500678479,-1.87270643669195,-0.540339024831685,0.431731187192969,0.0217274679934525,0.114311417046792,-0.260059602158829,0.0015784045487894,0.403341271852173,-0.0730265293860947,0.0303384389693421,0.39654198938194,-0.209002190388369,0.108619526434424,0.0244081785252997,-0.25867465448019095,0
49504.0,1.3502015853025,-0.387770308996195,-0.0143044759202622,-0.587398454897771,-0.752221422149424,-0.8453113799294,-0.534113879548811,-0.178597220899598,-0.748024280739095,0.143575859991251,-0.292952842117053,-0.757447799374091,0.618612552933813,-1.42203276033294,0.986223793111128,1.74958099451965,0.827183963418249,-0.718667313962596,0.484058392967516,0.227270957367606,0.0420340151770502,-0.0232678965644793,-0.101182485797689,-0.190366560917418,0.42727784385395,-0.25659884927051,0.0233066286833726,0.0481404748516703,-0.1537248918893196,0
127379.0,-1.12988278363341,-2.26336561181821,1.12473556509737,-2.51258668241351,0.279634923537767,-0.267027190052733,-0.605659689559622,0.0594529386237532,-1.8738512151641,1.05256499543894,-0.0421165836348133,-1.43956256537747,-0.999482568945726,-0.350189323074988,-0.861748904421989,-0.154435859181473,-0.0500579491077735,1.0553103438752,0.124319143530419,0.32471260555089,0.0495017416417452,0.012633838498987,0.332937271512001,0.271463362665331,-0.0291786307247408,-0.225902613213041,-0.14015387226101,-0.0710150058882994,0.27846822567537344,0
62867.0,1.31797464038987,0.416416228797051,-0.0212137293610909,0.484600373594235,0.138770068688008,-0.566272311789602,0.144008911788254,-0.213769163262378,-0.0802704560268694,-0.314079590383724,-0.625116872294192,0.556421623914675,1.49825593881946,-0.562051296587313,1.03174576646368,0.670469395473891,-0.374828681421998,-0.163533971231797,0.110716431384273,0.0167341554036526,-0.33040943409386,-0.891891124687437,0.0128477806759373,-0.46492076328878,0.366553139979572,0.142802915047091,-0.0166466490967195,0.024569607049542,-0.34967109625421877,0
12098.0,-0.322431871947292,1.09804523139611,1.53222362147204,0.287640797373678,0.205934450518291,-1.37660032845772,1.06915607996608,-0.515195112600739,0.895644745184307,-0.376870768588384,0.96435423908746,-2.6517484949262,1.23232435180621,1.61156898823643,-0.203813202126514,-0.393217450247893,0.545328387342386,-0.202024693250172,-0.383243619206336,0.0776003876067619,-0.146059681967109,0.110493112375467,-0.0877084887105321,0.879146639824908,-0.393580446624946,0.172654926820564,0.145696968502429,-0.014951175022997,-0.34071538317979777,0
1793.0,-1.14601718424435,0.870200131454621,1.07272344252439,0.973174214966815,1.37531635554573,-0.0306222499137682,-1.94058735416332,-2.36453670588628,-0.880526574309479,-0.263148623852281,0.927277876973497,0.60178480439498,-1.01131481176627,1.17187131631085,0.625381268331284,-0.0276060055752591,-0.0537445215550302,0.0849943952991624,0.317306689932469,0.437130475026425,-1.25486334255359,0.0601865931369977,-2.04227712634701,-0.244698482923857,-1.16824251846406,-0.573557864053259,0.309773064692131,0.233599484544527,-0.07336335939116667,0
122596.0,-1.47141750715097,0.278152369489848,1.12080902802671,0.0790998979231888,0.790296217418549,0.715451734607837,0.743158167945186,0.072706952581327,-0.224007567880714,-0.23278508280222,0.421429434239358,0.931360478158244,0.864238099010123,-0.227849666717799,-0.530460551296602,0.603114877948184,-1.19935250864104,0.413190758942315,0.0143921403206817,-0.44688068421239,-0.210895379047087,-0.271964945771677,0.424959377429521,0.169442738218875,-0.122397906112191,-1.00895418923613,-0.087059144673396,0.171922590089004,-0.02958431556754604,0
89855.0,2.36805777060979,-1.11121482360849,-1.55511875599083,-1.73995422837058,-0.610655056281242,-0.770954099154224,-0.705377396389228,-0.397162714876748,-1.74145485836225,1.64994754968709,-0.960864793140048,-0.479897756484218,1.65851611699524,-0.374040705144066,0.120372943180089,-0.557925604729689,0.206268565183104,0.0427107994585996,-0.217471109832404,-0.32825089745646,0.0576587649445201,0.67542053429225,0.0527540684502083,0.520066226636097,0.190317713035372,0.0494462047522931,-0.011401482343438,-0.0544129660401724,-0.2932581000577542,0
157113.0,2.03238702747402,-0.239101267206097,-1.76114930747058,0.0136429238148402,0.316484639038774,-0.8259287252337,0.325903500263582,-0.279475972996887,0.778864394439856,-0.116748291256781,-1.15611821741879,-0.0405491901182805,-0.67672908585483,0.547696249975297,0.241907778800984,-0.341858852920177,-0.29567026346438,-0.477423573736249,0.395709768480365,-0.162189885693531,-0.151296189905429,-0.421089750802314,0.158566326468991,0.46703649295121,0.0512296489114847,-0.0975663793860084,-0.0680660064095799,-0.0531358607690048,-0.17311560992991867,0
32002.0,1.23884304291415,-0.125756654074383,0.323968833591838,0.257078439416363,-0.528093134438972,-0.421267275427315,-0.250361693940357,0.0973124635745712,0.455536069651952,-0.0123046788399681,0.622509397806791,0.0451559180585949,-1.79732902458006,0.577765050606413,-0.18526455328823,0.272271525269179,-0.345768215712845,0.128219284385278,0.657582944291203,-0.195852055173034,-0.238203759397894,-0.688834486882071,0.0326490992010794,-0.0002559950214471,0.280592044246863,0.453998384089786,-0.058908219270484,-0.0067575546277762,-0.33723704819107175,0
122232.0,-0.935673899157956,0.12967608623903,0.808991643019849,-2.27269063489619,-0.526709774011678,-0.127745998502245,-0.0925459824728172,0.368198305657856,-0.999817505654777,-0.471601127808597,-1.16918402659813,-0.356259708474972,0.990941852072924,-0.51692209579784,-0.554330986351608,1.42955640249588,-0.048414438146984,-1.12690644194632,-0.20403763418464,-0.0460687222637131,0.440956700792246,1.09197794569515,-0.133062567166833,0.65788090573895,0.0640464900585886,-0.216654936024427,-0.105290482647319,0.0516359917708206,-0.07736144558510462,0
162011.0,-1.15004202712062,-0.0636371250601247,2.01979581721811,-0.266078737434124,0.839854946320181,-0.433089863421928,-0.227769074057873,0.25972797984973,-0.0898107606243903,-0.736470126339491,0.625577203023996,0.635863894792827,0.0425866921150221,0.235734335038764,0.659485883200834,0.107356490309392,-0.683156042339503,0.896567852594584,1.15746907970578,0.256194531918745,-0.0131456845608946,-0.267798074458927,-0.180904364290229,-0.381510195283549,0.360653611217092,-0.660223945307492,0.0785271299374629,0.0858728081843145,-0.3492313067728856,0
157257.0,2.00628523428156,-0.771809583201005,-0.491810560123878,0.507895145013624,-0.768592732365194,-0.101272176806422,-0.765596046015274,-0.0366255997859883,-0.152437616233312,0.983390491933569,-1.74945805039112,-0.253896333365058,0.448453500230743,-0.113312125263315,0.689128040584304,-0.752264830652678,-0.789922504822761,1.59273102293626,-1.07515472310319,-0.522196037114586,-0.495366783561431,-0.998091804252772,0.303037112770115,-0.833907544387755,-0.426654924375432,-0.883977105226274,0.0700976722108913,-0.0163115338885513,-0.0973518765547944,0
65016.0,-0.300214906024608,1.04068322520805,1.51535608533782,1.0154280643591,0.203710529949785,-0.667205689232424,0.778365739410659,-0.18855345841931,-0.848908648883066,-0.223603972808943,-0.29471503841627,0.572292780202142,1.3673688652611,0.030588063426736,0.935340078777327,-0.219991035235855,-0.325606259649122,-0.0630949750345244,0.364574334061419,0.133336481770922,0.105542447209454,0.347261475188447,-0.0537314475850953,0.416938638883413,-0.357206413103294,-0.434702658092103,0.18191373177603,0.17508056160571,-0.27326766908806444,0
125423.0,-1.03873666369955,0.754646652598366,1.52992562514818,-0.922250789302312,0.506820533294466,-0.904627789241004,1.10335228068134,-0.128997341675452,-0.653292060952902,-0.803387683234499,-0.411703173126916,0.483934417706376,1.09652116794141,-0.0066277212879855,0.510735528355893,0.279402136752742,-0.593255204610568,-0.85897517256166,-0.11895636021303,0.347004828170514,-0.432727714425586,-1.39366351297639,0.0841710128174893,-0.0405745388251005,0.198894529386175,0.157778219344156,0.182251191487492,0.125379688461986,-0.1094660777224264,0
151863.0,1.99052166210897,-2.08954428387192,-0.56208846559387,-1.62518329934847,-1.49959095820336,0.480023938892071,-1.61315857316847,0.0703539963908529,-0.701985139054777,1.4014361314882,-1.64093839520206,-0.732106265520982,1.32730496525409,-0.974516242682955,0.432165235875676,0.197324175515574,-0.0473559560425351,0.503486694735258,-0.211002335520972,-0.0157825232040211,-0.0786796552167752,-0.057625417162858,0.149570730023324,-0.101564874498295,-0.492360548573641,-0.251574776069806,0.034188421019796,-0.0025593038405563,0.33552091566286807,0
122435.0,2.06534853227507,-0.0340598640642818,-1.06655763495847,0.410056051572314,-0.118316423107529,-1.20048099295685,0.19591512925669,-0.344420158350225,0.514295399901139,0.0682238768318381,-0.723706783891574,0.533161541615865,0.254744606411302,0.23681913112854,0.0204650840097701,-0.109365799237492,-0.30478671366874,-0.887549124251945,0.151311946983883,-0.213677956034905,-0.288729983208176,-0.68622956503041,0.336734359374219,0.0260962584687357,-0.289507370278547,0.196416628150022,-0.0693545538046233,-0.0598567013835842,-0.34967109625421877,0
73838.0,-1.07377588873103,0.124648378171907,1.70617496516965,-1.44276231860087,-0.952333914921641,-1.2061973444063,-0.254445288274448,0.298269784606095,-1.54823194371873,-0.299105650379216,-0.490226141654517,0.283195641552555,1.11389045866193,-0.0172726235783918,0.299085560328937,-0.916308391645606,-0.126976419658439,1.02610839889612,-1.51959936355378,-0.408111709964373,-0.179383886540817,-0.349422799879197,0.027272148189925,0.756324252300812,-0.274958665791077,0.81694474849403,-0.0918095519054399,-0.0097874565854578,-0.24867943899534603,0
61448.0,-3.44049375261739,3.27376105671087,-0.379958538760022,-0.459387618678875,-1.1104933472419,-1.00166798679559,-0.0600550653141913,0.968552388115668,0.927139634804445,2.37323665555675,1.68929906234517,1.17132779552915,0.385204139612575,-0.472248200648238,0.257355004347126,0.483500860758575,-0.004302815184809,0.156224372703683,-0.157183805775797,1.12521078597455,-0.508727991690199,-0.663547161528768,0.12667386691833,0.455461882818622,0.239517787574577,-0.0240029916100827,0.0258804081347005,-0.476487222896418,-0.3067316505313252,0
139631.0,-1.61397052492671,0.0629590416787623,3.46701445962955,4.69803276692376,-0.217814255409635,2.45666284675723,-0.605552458539366,0.450747013948004,0.3205465259255,2.29189834604026,-0.484837454490778,-0.250239123897829,-0.613254662173416,-1.57984162311278,-1.43905540371618,-0.285002279084316,0.159690872871583,0.988585722828706,1.91513720385184,0.563392504127338,-0.163839765358843,0.81421447631703,-0.0624720338862934,-0.442805669307648,0.329018906609112,0.661628281067122,0.378703903744433,-0.0618407080137493,-0.04993457429469025,0
159735.0,-1.03051003673256,1.15423602628326,-0.268864127783274,0.696678332332391,1.36673921623822,-0.288786067051895,1.38603091512791,-0.548325756713616,-0.187892465798508,1.10181221343893,0.223078989956677,-0.0140327426756912,-0.910373476218203,0.336667730311815,-0.798871051924119,-0.967849076185615,-0.358794462325724,0.278152922644637,1.30627351524822,-0.261225893225095,0.0793604187708239,0.702742106731294,-0.158641601970663,-0.548309962481319,0.0105805095008132,-0.445277409711191,-0.431425180190249,-0.0464340141863595,-0.334318445269497,0
157150.0,-0.513222669767288,0.690669869320272,-0.709869775013051,-0.285345613311711,2.54489824178706,4.43131951277141,-0.440759007169578,0.34260292575696,0.662533605293103,0.0100162051868911,-0.715091731433223,0.447421754182784,-0.491718586297573,-0.218536283612561,-0.995061114077983,-0.685674621831425,-0.0451724488175571,-0.810032908145729,0.325865515431424,-0.249483713557414,0.312432477623716,-1.31777915549365,0.497044247363469,0.597812035458925,-0.844399118163394,-1.13593846768914,0.251187684440608,0.185061261892058,-0.32728181356816627,0
114925.0,-1.91897292672198,2.49635165091522,-1.53540372350412,-1.24539115112948,1.29986630755885,-0.881977973815677,1.80302671079216,-1.29822936265717,2.55756834762029,3.26317095882155,-0.476505839448417,-0.899295889289974,-0.778558787230771,-2.49630483109443,-0.083122997336059,-0.335656212739529,-0.121159185953039,-0.260338043900291,-0.373621868284127,1.00452240237623,-0.414729550719101,-0.345906910987538,0.101234767226413,0.336766583941476,-0.788245416792846,-0.0317268854796785,-0.824628253595026,-0.214017499760215,-0.3286811437360445,0
54528.0,1.05063599545702,-0.264071139445355,0.4148079587938,1.20637070046488,0.0585365648112094,1.2989488670509,-0.407572495602469,0.35401771415578,0.619508119459684,-0.123138647684039,-0.122782168659972,1.20244544876927,0.346083072785605,-0.338290537501453,-1.35990302563334,-0.296453063709277,-0.258248143490866,-0.0548917322340896,0.452830035743968,-0.0103749716914335,-0.0714147290862248,0.0330914155164913,-0.282139308934461,-1.11102418440565,0.73351298230864,-0.210020499620103,0.0601455986456634,0.0111523147847844,-0.0977516851741882,0
78496.0,-0.62638734825631,1.17438456949034,1.19479731159709,-0.0957555880029648,-0.0037814691537475,-0.707520553289979,0.532669206147924,0.128784670571736,-0.348011764798994,-0.0098053479305116,1.3797817557379,0.220044035625162,-0.71688599041866,-0.153460496746761,0.292211864789974,0.593819159036167,-0.209036404782779,0.43370376293508,0.175302244817706,0.204618150357062,-0.251175908040064,-0.66089786052231,0.0001604873027229,0.253527002457915,-0.162004904351185,0.0619871746543244,0.341847843378056,0.150783445280574,-0.34255450282900923,0
127022.0,0.037719594417702,0.916462025607884,0.309383028413808,-0.588551522703199,0.465911673075841,-1.10507143371386,1.08221759138163,-0.256773698704578,-0.172803738608691,-0.438804932131431,-0.776438590682761,0.583383887792691,0.843763087120073,-0.0528247929882635,-0.495241454492358,-0.134194510840318,-0.453333307068549,-0.852203517931777,-0.0938506438365145,0.0228900344589707,-0.248079410401301,-0.501662811043403,0.0698091214059324,0.0617861076188508,-0.460630192780884,0.134819108826495,0.251300437921096,0.0995832428448468,-0.32528277047119725,0
133714.0,0.763008341842507,-0.403956444259566,-0.772692818412682,-0.860393731857661,1.74078414047852,4.37556908726032,-1.51241414134147,0.2791595638327,-0.539947697332672,0.691018115932098,-0.698380769376325,-0.0308502494051003,0.103807175609417,0.0185579328141766,0.334752363463538,-1.46976471928887,-0.363934309515294,1.55979286877577,-1.45767670402684,-0.683639167245194,0.707018026973299,0.138654081581456,-0.0545883978100774,0.671692882302332,-0.154791375273858,-0.475834245324835,0.425089775297105,0.363875482029368,-0.3334388663068307,0
54226.0,-1.16472368028768,0.368593757395817,1.19977368708579,-1.6176575316882,-0.455089844710002,-1.24679701922686,0.200674152921172,0.335458426930118,-0.135182257231572,-1.50106742879333,1.64410482389341,1.30025925601634,0.166939847765182,0.83788793251816,1.10940651731974,-0.661718403455586,0.181011767050631,0.374584695162138,1.91423498433136,0.204786552699781,0.0400369175939718,-0.181349376603942,-0.113160567239853,0.581448946104378,0.254985161049343,-0.0807575154653029,-0.0784957568502374,-0.063072229580943,-0.1935058495190022,0
165752.0,-1.18865537227291,0.338222861127035,0.369817703514931,-1.16683612398103,2.03307799006098,-0.654331787851383,1.33932194249485,-0.146478993962123,-0.789617105317569,-1.0714252589248,-0.117163948847796,0.863371273479835,0.597911580127075,0.338759437288174,-1.60917291832943,-0.217443105411771,-0.933555270067892,0.186567077791614,0.326187015412051,0.166816261517143,0.0712277790503197,0.037198925773003,-0.548490599452315,-0.925379642868471,1.40383994615961,-0.146712041270535,-0.0640323549757557,0.0268143857733087,-0.16136123651974105,0
143619.0,2.0140681307917,-0.127730736415811,-1.01308612694963,0.326011213105862,-0.169980569965212,-0.953256197575976,0.0527221537629894,-0.168600194767991,0.342365429659561,0.255358212272293,0.965662229665207,0.92332560582086,-0.478354298004209,0.565233898151199,-0.61895111108724,0.0846268266397698,-0.47973781199293,-0.350701492375225,0.403749066551616,-0.246260828630813,-0.236998961102658,-0.605168288547069,0.345302501380783,0.065338963989555,-0.355570024474635,0.174257593779903,-0.0771615601478231,-0.0702571616497648,-0.349271287634825,0
36491.0,-0.83981875565052,0.500281665005112,1.60040394046485,-0.590421819098111,1.20826544022216,1.39836583136376,0.820871104280347,0.0085820046251646,-0.629678538063935,0.148106883739905,2.47705420349727,0.490334332702448,-0.502968145511313,0.211391384940724,1.58799110162322,-1.57765563139258,0.843901597381993,-1.85441683450025,-0.255642878456019,0.0572002867894987,0.0647864815348623,0.548832676721529,-0.265839153792682,-0.933593361142455,-0.172320754214778,1.17225675715124,-0.574550988314052,-0.388964470115686,-0.2606736975771599,0
57569.0,-0.705605594166981,0.0096523294424733,2.00463351020543,-1.7599472402862,-0.286171212732053,-0.172142227326528,0.0676861802606909,0.276298413124865,1.2630723747351,-1.82007492982295,0.0699558226041159,0.899275304627526,0.0045834027184668,-0.242699331796457,1.01887409040568,-0.983851962839408,0.245527339762321,-0.743991646741905,-0.881368255497588,-0.119583690949024,0.220387434781605,0.798169319445816,0.0435084075988371,0.0976529242936449,-0.423563936459223,-0.872168166235605,0.231230396676108,0.167766582567891,-0.2336866157680787,0
2224.0,-0.372972998263944,0.425178292200268,0.898545601792594,-1.54614658187946,-0.0796788587270565,-0.081967508309288,0.487837958732867,-0.0748661942821214,-1.8192938771338,0.510680830788164,1.43791224555452,0.0974098413284102,0.50751210234655,-0.0227839744081094,-0.155933775782432,0.812694303551603,0.2379673422844,-1.67551680401849,0.995028096527211,0.0743086096779768,-0.0493700420084189,-0.34857425878866,-0.0034687225454641,-0.320161340428158,-0.146269277614927,-0.562736718453543,-0.224858877023916,-0.0047569529682187,-0.17331551423961555,0
65312.0,-0.714277126197866,0.463938001530698,0.774166005231247,-0.647698335891389,-1.06128779522014,-0.702482996532618,0.317052739214254,0.16443410821527,0.705313792396029,-1.34368959334824,-0.483348264525674,1.18722325240771,1.22727510545829,0.047615507069395,1.13579321400345,-1.07823987752212,0.363896284388009,0.228395390018463,1.70304348314224,-0.0060308629990113,0.222262854425806,0.83639266409356,0.14075910467674,0.462043373496229,-0.548476634644424,-0.655217976571873,0.0850178316204635,0.113196964262747,0.07052776272866033,0
121598.0,1.87475564636464,-1.37363154008963,-0.489951353925464,-0.378215483187922,-1.21543273878895,0.015997210309563,-1.02870366582432,0.0788954373520276,-0.0213450533067047,0.927885539203636,0.21320186322831,0.538197669029689,0.196235649203436,-0.146259285378634,-0.424281017224961,-0.973185848639177,-0.49050045229279,1.87749337454948,-0.685549708438124,-0.377037136965356,-0.0736882649284893,0.210561596295439,0.0826567844371135,-0.367130698681049,-0.405339466993212,0.724591935364889,-0.0279072220095202,-0.0419099017974885,0.11054860552997929,0
137448.0,1.84480126803449,-0.741127365891703,-0.399364478094635,0.339194262743262,-0.699809120475991,0.117019171035922,-0.794118589117424,0.212907984163797,1.10970704483647,0.168123523617778,0.590610732215554,0.581541801618881,-0.743161086852025,0.0999085006906588,-0.214887746292221,0.57545747005671,-0.694139246224517,0.625150249976761,0.0078826304217171,-0.0924733415539845,0.233697972060592,0.65727173494985,0.153689644080225,0.80150477945922,-0.345817147057891,0.509497912405571,-0.0436722253998154,-0.0415812914081546,-0.09339377122279584,0
133337.0,-0.327033850676874,0.216226057349272,1.24615369794328,-1.0071314980592,-0.0122955505213613,0.0471586919535205,0.236627275400432,0.20993841864573,0.487626625859898,-0.838422872825581,0.185387811478281,0.505334891082239,-0.372019682002588,-0.0421153759577629,-0.584836995397306,0.328304881541985,-0.868713812723366,0.849716876115909,0.0462858353613759,-0.0781269500189731,0.345010301451722,1.07050752751447,-0.136108623265061,-0.364309821392278,-0.579974442939731,0.0323018524733098,0.186291856319897,0.186924057886413,-0.20949819429475405,0
83375.0,-2.52303607029864,-1.77695469999743,0.519497103610604,0.373410264853431,1.68771994018104,-2.28050027285996,-0.817135372217161,0.538676722830994,-0.455005824182374,-0.599664204414226,0.762687684488519,0.888431407061146,-0.6907315735315,0.86679376561942,-1.2565598891942,0.0958846200946581,-0.218273938511132,0.0821793628541111,-0.250973061009387,0.438924284417547,0.420556963167252,0.202869451342372,-0.0862783476416103,0.59420082159568,-0.527153976982777,0.227446848379838,0.0292564555398353,-0.315306937391584,-0.35322939296682354,0
47174.0,0.418547798705993,1.9388706255521,-1.81456017491395,1.41583999762089,1.10246341771551,-1.54350794547098,1.06055290122754,-0.355066655095217,-0.138541215679395,-0.204592446953902,2.61648750298463,0.171835663480635,0.0797071654558905,-3.75380830800998,0.399916474370204,0.890512816460956,2.43117252304804,1.90376309259503,-0.18192078759268,0.462661712620832,-0.2013805919606,-0.0405399249828705,0.0471530209559666,-0.0149193086418917,-0.401823936611926,-0.439206353908622,0.302225506269175,-0.0967862694919253,-0.34967109625421877,0
58553.0,-1.91354819568212,-0.989257748678732,0.0514754567993826,-0.413634204591059,-4.22890324939336,3.04243463922173,3.37815403655707,0.332270064913614,0.227525205093152,-1.66596987640943,0.850209106997301,0.543487302477063,-0.928509870283356,-0.0377273366755838,-1.04750295780628,0.206704976981687,0.207345045649296,-0.652673857698683,-0.667471008669459,-0.23719631637717,-0.0020192124992393,0.292555901651051,1.19493042413376,-0.229169624611694,-0.931474938573808,0.699523903744526,0.314388490942753,-0.161110425713629,3.4666221184453776,0
70275.0,-0.543015084914956,0.44182670509096,2.57111954363368,1.34102258798287,-0.382027955390596,1.16341387794621,-0.105218234995651,0.3462587632904,0.721076088761927,-0.757756238768034,-2.12205403924017,0.635120650633891,0.809596425133532,-1.26432938259826,-1.56761942634728,-0.796148117752581,0.293736024744482,0.0055955229587414,1.44864797279915,0.14770549406747,-0.124870870039748,0.107584789398983,-0.280639108114796,-0.40211130089156,0.222537800156979,-0.194501896896924,0.18994652545012,0.121206786427947,-0.20613980189184616,0
58303.0,1.47387855623713,-0.5069881880455,0.0501347917283162,-1.04416111019674,-0.272348068180213,0.3140165094989,-0.740702221417264,0.0245743265674332,-0.679875768717156,0.561212250783843,-1.16214452604692,-0.628439629981836,1.06670781462898,-0.413321370762081,1.15902727727805,1.3508593591024,-0.0841245877664729,-1.39336587723608,0.643001819777437,0.110073914442605,0.0434064147765297,0.132948186120061,-0.125153850699171,-1.29297876290205,0.501223419801022,-0.167751874988632,0.0362636420984985,0.0037017647567139,-0.3492313067728856,0
39270.0,-6.82360403218328,4.73305242288657,-1.13679856366026,-1.14805380930888,-1.20921364610701,-0.492500722530649,0.411007581182027,0.153752479824811,4.99750151904594,7.31196740088608,-0.235723286184575,-0.317320898576185,-1.48506254961542,-1.77858349411988,0.430323286848802,-1.14136358707883,0.130711409717802,-1.25890696584014,-0.582625343228819,2.43640395484555,-0.912485797466261,-0.739135898379004,0.322446286828214,-0.0120799770249293,1.06433890601522,0.312442446786885,1.81252351077196,2.06674266111507,-0.29693633935617714,0
69748.0,-2.24739044426314,2.06843032983404,0.0379097304836502,0.441008785629066,-0.564127882685073,-0.540195075853429,-0.185300201440274,0.84662282153426,-0.260376921837138,0.0781540270310313,-0.66776832697361,0.15726300755965,-0.301459305701298,0.824265595762909,0.989634206087914,-0.113210694223314,0.23322812202856,-0.371292625946014,-0.589352151967565,-0.478150548645455,0.234255883293042,0.357178301398226,0.0280409155252778,0.0620854305869247,0.21459308166266,-0.424203117564783,-1.15479239782099,-0.349988853463195,-0.32264403358319815,0
114543.0,-0.414174354416624,1.38109668344603,-0.377388929211655,-0.305242758100682,0.862541487082488,-0.640622560800192,0.731042864029437,0.231111510055345,-0.741696988236519,-1.26117896691061,-0.651741076202176,0.532600648284033,1.18018818509007,-0.788125857977477,-0.0943731814183474,0.0925265614442859,0.728352726017002,-0.276735491956529,0.335827703923886,-0.0638712604625254,-0.184075006594222,-0.552343774587707,0.0706577607525284,0.54736937316928,-0.702998210545469,0.159044735549147,0.0268195592830887,0.147896606276149,-0.34967109625421877,0
72272.0,-0.642794427098961,0.956219480889926,1.13794793900566,-0.098210731453873,0.39894459749182,-0.534276132715766,0.583629348969154,0.0303258434852905,-0.631138890151207,-0.23822221033514,1.2946853555722,0.787188146617374,0.636707256875182,-0.398060968827984,0.179114151381988,0.644858549311864,-0.403657827208125,0.396927689143066,0.33718001271055,0.131996398910251,-0.221686001506017,-0.580078817650595,0.0910148067122935,-0.0371188991731032,-0.100090559131033,0.0668296656965437,0.130208581139145,0.0704020934220246,-0.33527798595604213,0
65963.0,-1.58946201260749,0.571531897621775,1.24968137058479,1.23788041539251,0.240733800897182,-0.765950593629815,0.391192154189975,0.152299658705959,-0.560808424268874,-0.0189410030860931,-0.261853209662499,-0.907297327742765,-1.91541068430842,0.917749114973194,1.68290928644638,-0.821798216438421,0.614777569877131,-0.344952666030526,0.457432237404408,-0.188880225435211,0.0614816118458077,0.0840902725563495,-0.445859848467262,0.392811264361785,0.270985239209579,-0.218211760560638,-0.419118651110886,-0.267853418089283,-0.24528106573049877,0
52618.0,-1.52348153004392,0.821014000665525,1.67196647994178,-0.297101122022156,0.0440311376865509,-0.106275699989263,0.212097208320552,0.597320156435683,-0.631149737705117,-0.958422563728688,1.14674889625456,1.34055101923117,0.109374943426739,0.24342403861814,-1.28632621019448,-0.19330232240133,0.0737260982116605,-0.651630021665461,-0.389490892375244,-0.241863645859904,-0.0299552727319925,-0.189076792927646,-0.295125155991727,0.278359545084091,0.330951986038564,0.175481419703403,-0.201636073865365,-0.0921309724518456,-0.2958168752218745,0
89462.0,1.94024826794201,-0.122254830990148,-0.29222135832604,1.12499451201147,-0.285075387132939,0.0480076467043741,-0.552036390087494,0.086365140830725,0.5569508570915,0.367032500079254,0.651788345051227,1.23808605856171,0.820527518254439,0.0373396811927788,0.0652469475072038,0.657938682721717,-1.14510357987098,0.766630623850095,-0.424392181023687,-0.198581797980947,0.265928768561733,0.945530936851856,0.0875412826479634,-0.391208196959759,-0.0635895381983137,-0.557577583832851,0.0617348320001506,-0.0431340509547605,-0.3492313067728856,0
66108.0,1.17156414612104,-1.59129433158968,1.354640061948,-1.40151100374299,-1.65713931997392,1.38067802546114,-2.00712529379295,0.587049355666629,-1.27722379971229,1.17917953245476,0.688859397821313,-0.411251822855677,0.611520987908945,-0.63751833705826,2.22798892588313,-1.15988844227056,1.52820851495286,-1.3416690531942,-2.3477139532688,-0.364805518094025,0.240554000486163,1.18494935026411,0.130321156900929,-0.632759893394876,-0.168381300949677,0.0630279143042229,0.148057551143225,0.0339383830675033,-0.13757262366581025,0
71460.0,1.25830287194871,0.386077407397442,0.315409906590002,0.688945389440056,-0.335570243367921,-1.06426055405014,0.112508089991303,-0.226167719576768,-0.0274975003995371,-0.29390734533943,0.0017178308402021,0.446047232135461,0.622543592445128,-0.366668840672597,1.05028333036797,0.45974129350906,-0.0279057048790726,-0.348120152759515,-0.20087053629929,-0.0571622161397687,-0.283573538225861,-0.796913952184156,0.125402176538538,0.356188507763478,0.229827061597809,0.0931686839935651,-0.0203092350245224,0.0315209856958425,-0.34967109625421877,0
165872.0,0.0446732123857455,0.878789035897145,0.300818746962344,-0.584695101255072,0.415077373080938,-1.12746496020185,1.02194287400182,-0.216388561652028,-0.0669257517184217,-0.414990176315582,-0.893916972834572,0.217905014626376,0.153947358304049,0.0838452117103059,-0.419954828231252,-0.102716765211395,-0.413649358475397,-0.769333882273394,-0.0881899326034538,-0.0305130283110995,-0.258503759713291,-0.557748403633312,0.0682204832963407,0.0434199693969456,-0.485677322168659,0.137258716765728,0.24826321702692,0.0977844323668923,-0.34171490472828225,0
13500.0,1.06198941497206,-0.0874143477710848,1.14697263803728,1.70482093385806,-0.657468669453132,0.501540022215829,-0.683246172455415,0.317528494176863,2.1253567105578,-0.410437220541309,1.70130420806571,-1.93917711410089,-0.301093985085581,1.57135301687358,-1.98003846974542,-0.636329417856873,1.08639584521277,0.0110120382424148,-0.23514894478873,-0.339817377884477,-0.188657799997919,-0.0398530347469321,-0.0275297886724038,0.155042435183575,0.479147619970471,-0.321514359024186,0.0321680532131269,0.0048257821433146,-0.317246617221382,0
158222.0,-0.82950193997272,0.898165982948747,1.38587857412646,-0.280244301830153,-0.236392979264632,-0.428713245668124,0.184662294178783,0.384918703575972,-0.147947269288336,-1.18475161881528,-0.819014242281076,1.01048159136875,1.4949999483636,-0.0455237616256096,0.427605940452808,-0.0409931592384861,-0.263067734350619,-0.186090238382815,0.276992310282934,-0.0111173071338615,-0.0334952689798193,-0.144781981933697,-0.0064033377004782,-0.0117895141718069,-0.265311690858719,-0.531614636523835,0.043846677939468,0.0677040537074426,-0.2603138698197055,0
150136.0,-2.4151473311688,-1.27465308975137,0.540737695755606,3.43509492021406,3.28300233807525,-1.58844505177033,-0.377374393354029,-0.0713456237126029,-1.43000466232661,1.39172991327978,-0.919604810545098,-0.514311036800389,-0.0798064777508489,0.26217678342933,-0.473315615691719,0.825427202359304,-0.892542587565546,-0.275153387862188,-1.96621097732639,-0.581068073125665,0.226276292360062,0.77143037834798,0.113397133418765,1.10723339462251,-0.0785305799932439,0.0096603284483291,-0.216297401767115,0.551634229960933,-0.34411375644464504,0
162189.0,2.03879203944869,-0.297401997240457,-0.584942668948878,0.173715481204357,-0.368027472716026,-0.366235026298055,-0.492387361047334,-0.0174976061007741,1.41786168715068,-0.223661907421023,-1.34779529788432,0.130313225668824,-0.101257788460043,0.0980203374698372,1.19682989142261,0.380800601633926,-0.837206849330066,0.188282954899149,0.0471019540226625,-0.250015719032661,-0.162315530198724,-0.330694736581569,0.277655759911319,-0.781951298755372,-0.299154417783628,-0.876553285381827,0.0596898866261862,-0.0352312850906263,-0.3492313067728856,0
58231.0,0.965026414740135,-1.35892888908972,0.428365054685266,-0.655921838450045,-1.40591938898772,-0.172182314854934,-0.806962396347059,0.243254945791614,-0.536401257486636,0.732757116910445,1.2319679969174,-1.29320115618363,-2.70553603355483,0.608121427792416,0.795731390512006,1.37877949407971,0.364955318155705,-0.992025629487166,0.417522120780032,0.234429045214846,0.145394683840296,-0.238180055487316,-0.0055015086415264,-0.0538726808049656,-0.0220078471357436,-0.408678471110628,-0.0221681860252238,0.0358394131622276,0.3984108114935121,0
128821.0,-0.925400863699696,0.48637834294383,0.95556511489738,4.32850160538965,-0.454468759804807,3.40525847851498,-0.13242035621201,1.120483100701,-1.56069288209905,1.22565481009343,0.318137140472193,-0.0370437865929164,0.0418101552487885,0.377441921869476,1.14979633813729,0.163663912159389,0.35144335538219,0.0672503455433463,0.297310819831229,0.0011750152697714,0.335279845781206,0.974853545436095,0.291962503284349,-1.64764726917145,-1.6895196826891,0.243129242883017,0.261633521987643,0.0464940321899455,0.6838341848787427,0
72416.0,0.709341506282304,-1.05661578607121,-0.521384460487275,-0.18975041273718,-0.274731097066543,-0.0914104963479523,0.349965638270948,-0.109051920526112,0.0021403593409538,-0.17860417335797,0.443808576973437,0.510910236835462,0.153943531346997,0.491278724059148,0.483156620578709,0.795737571621508,-0.922728047409156,0.289998910881514,0.792181593966501,0.634099233593771,-0.0595581438216119,-0.945837850306723,-0.332202239546982,-0.781648659108788,0.173361903398443,0.867808705714756,-0.154873538177811,0.0386968672585768,0.9621409648387639,0
42080.0,-1.65715932798277,1.50243577772917,0.176370089389675,0.159398920028201,-0.443220152280242,-0.862543417748976,-0.0358557791880292,0.483983697090149,-0.506882434859759,-0.195515551995816,-0.0354679573540979,1.02300297539442,1.20322462251356,0.440140554166062,0.753554446175358,-0.19284552078416,0.237468015293384,-0.840119690558728,-0.577075636851728,-0.493859664131148,0.302260446268921,0.568225469603519,0.27721883638612,0.454257905850353,-0.316610021383663,0.230898275662071,-1.04136613101793,0.0069294677796208,-0.34723226367591664,0
153119.0,-2.19290443775025,0.471453188888258,0.421065058714289,-0.872260403791805,-3.10955217452464,1.76835439309539,1.72686365468214,-2.53062924207324,-1.73318998786372,-1.65437250037195,-1.74450665872058,-0.0478852057607129,-0.175770922847041,0.316625535627728,-1.33911772797639,-0.591325003630177,-0.331852913103157,0.914720897649129,-2.33740833559879,-0.0505422721751717,-2.00230639406659,-1.30295949353407,0.578712317622524,-0.235595798898412,0.522462318117667,-1.1210294993815,0.166285335145849,-0.123040148493981,2.2129822114741926,0
9480.0,-3.19085356085168,2.26941323924652,-0.579821152084613,1.68166664850538,-1.61430949436071,0.0136050808644563,-0.879791397697846,1.66289013567785,0.930565361207312,-0.628791672829834,-0.412758765052146,-2.17112232787132,0.843195675701758,2.76582245329745,-0.472770968380989,-0.688126425738207,2.0918442600672,-0.187387458105525,0.531859129144719,-0.694762071902652,0.0236943737228399,-0.0595908776242649,0.0047870886286345,0.0278077509092476,-0.156733598698269,-0.367973705853056,-1.24151708882694,-0.480223150976693,-0.14592862381114055,0
156503.0,0.0998922863828687,1.03518859639815,0.0378966911206411,-0.339959440972122,0.960809663830194,-1.02377108600027,1.25434504470409,-0.434651288774122,-0.433748149668648,-0.674608995452843,1.38446789871942,0.563147108530382,0.285056923033128,-0.869697816755252,-0.0600284541527934,0.0414826202837168,0.112479707091474,1.10647004976955,0.17035643724229,0.0053526987509,0.343064059746002,1.30442822342872,-0.315847027282288,0.0346324613038527,-0.539376329761579,-0.216610111781925,0.0706814946592568,0.0122449077923299,-0.3492313067728856,0
559.0,1.16977763108933,0.351227092065817,-0.257896565049697,1.00297505445597,0.431219557891663,-0.181795363166283,0.395080054567291,-0.0499694518342853,-0.585227927650806,0.217505814304077,1.25167663474446,0.858110141373667,-0.0491360280466013,0.771156955442326,0.220395667261209,-0.173254767972558,-0.417456171734094,-0.221115061425226,-0.259431904717606,-0.125418092290573,0.072416323987458,0.214930114195046,-0.184748437735714,-0.300331638136839,0.778690734994488,-0.249624010068391,-0.000996127790133,-0.0023646520804099,-0.26431195601364343,0
59709.0,0.98077337864174,-0.760750671584561,1.02375758890386,0.0897505911123154,-0.934654737693392,0.868597453383478,-0.931571363177044,0.540344294086461,1.12852882906442,-0.357777263612087,1.13579764981944,0.749444624476864,-1.44154545559852,-0.0311492623382463,-0.347780952247488,-0.446877427518936,0.532649641639922,-0.879866123090281,0.0234528424754711,-0.109116924854214,-0.109866575202524,-0.202212421360739,0.0986167722419477,-0.233035712779823,-0.10416115602187,0.982860509303018,-0.0225848431692259,0.0036244228191248,-0.11334422133054622,0
140903.0,-0.698378170496287,0.931080613184259,0.352318622701877,-0.935744346691117,1.73995524380221,-0.181075280093701,1.56314350122326,-0.256782039209841,-0.929326815629912,-1.0565135391948,0.788648569464153,0.24687507419054,0.187001870260902,-1.03883596801502,-0.856941644305377,0.355734373917489,0.0770294391462939,0.488976737905294,0.428678294687996,0.23559176165584,-0.225225078823007,-0.617453530690517,-0.419620925394569,0.128181053170707,0.790897983051457,0.434217328792316,-0.235663487840388,-0.16602132619072,-0.1777134090529473,0
148332.0,-2.56853811102515,1.12366093676332,0.748338542107038,2.48816921579225,0.313031974816314,2.12138638884794,-1.39710248958294,-2.08171492033528,0.0398954010999659,1.96706862909679,-1.00411001984381,-0.229856654496338,-0.194301860317982,-0.522367802952996,-0.856037478056027,2.41667115649728,-1.9691829188453,1.35118963938518,-1.57961492213528,0.176913360507081,-1.44767389338646,1.21523199049982,0.664211386225166,-1.51006274796003,-0.330787841590727,-0.0361692924322226,0.290982073162517,-0.339549136278312,-0.17395520803064562,0
134170.0,0.0784781627276089,0.778306458948637,-0.154290271734976,-0.814474783453591,0.916130500106961,-0.535888763178879,1.00200530097432,-0.141659754809442,0.0247790494179594,-0.41534612793691,-1.85578468574714,-0.202354274256378,0.200790544477138,0.0512426637183942,-0.326041210794089,0.210913685647061,-0.786971250040229,-0.405153490736982,0.305652447434026,0.0254035446710057,-0.320335655686755,-0.764968641589277,-0.0294578342956313,-1.0117326818841,-0.344867675424274,0.202426749838551,0.241250591267759,0.0882583094433737,-0.30125427244563013,0
160885.0,1.9964326131472,-0.0428545937836037,-1.49403707347187,0.828453969160518,-0.182290344700707,-1.38227609421768,0.0950507153811227,-0.26769206464239,0.902311510867571,-0.447764365712024,-0.524385769502138,-0.21694428068129,-1.22800244749085,-0.955015361113593,-0.413260758082538,-0.250042866289305,1.16019534182183,-0.102960015867872,-0.259354690941473,-0.268702209459088,0.0817688625944785,0.508790946095113,0.0391685747452813,0.310636670974684,0.106270028837691,0.70931974951265,-0.0573928123035275,-0.0424504917261923,-0.3072913825984765,0
129131.0,-0.889789502571839,0.193756425269358,-0.458674130698682,-0.268463005952739,0.9826568661808,-0.415459242822081,-0.344956378067532,-2.9634522520899,-0.118215921550168,-0.385866138536128,0.365680975796381,0.283109722974106,-0.94517322139928,0.824989536028705,-0.007126839864105,0.134461718399928,-0.835496736242743,0.903671491314367,0.366425005326856,0.195252185356764,-1.02627290167098,1.68127030747013,0.613322915696056,-0.413834251821626,-0.295774924779264,-0.168621315384311,-0.0654181353889836,-0.221116985450712,-0.3492313067728856,0
41499.0,0.825809916193406,-0.231383390819085,0.540231430453059,1.44617413614814,-0.654209157110904,-0.633358033145383,0.217842679071995,-0.0922902937947928,-0.0027645938515315,-0.0642604618254522,0.271250513506615,0.309833948230357,-0.343357208165264,0.47216197506402,1.2697262432321,-0.168604572230181,-0.00574561678114,-0.729742106927176,-1.03590930957747,0.127295366948995,0.0851890099727773,-0.0949808750443385,-0.0453738237524374,0.58205609341829,0.286490235504528,-0.468024034310412,0.0070183875549909,0.0570201158770768,0.324246312595963,0
160748.0,-0.949574526789732,-0.0188143445875776,2.09934396636023,-1.96643975794099,-0.189269605980588,-0.656507573789216,0.334021567566026,-0.320319523002554,-0.91774712820493,0.182018484091501,-0.491959341214744,-0.157732210093236,1.53058127061513,-1.12032253576844,-0.159885342341431,1.06083811689786,-0.0854492038473363,-1.58244052892577,0.573631342391441,0.416442714192682,-0.111110156092241,-0.129294736519037,-0.251856685428989,0.0639417610371347,0.393349293900104,-0.391808635797589,0.0022691358501558,-0.0661780252428852,-0.1613212556578017,0
81660.0,-0.389056195006528,1.05139919055615,1.25545479220274,0.0175901963273765,0.17648558106166,-0.517434834462072,0.621051422721761,0.0836749358485819,-0.348510902522646,-0.548195087719147,-0.0479126710902899,-0.175326421357457,-0.241316538472888,-0.333051232782026,1.1831887799175,0.10647773828727,0.306143742273096,-0.544914989809857,-0.447960358709444,0.0662447483909592,-0.238415134899898,-0.602762763688558,0.0252488358034521,0.0131778197187509,-0.243834964692098,0.102619174336237,0.25895288967181,0.0943509615992459,-0.32928085666513524,0
80212.0,0.418479054376388,1.94139290837265,-2.3879565345067,1.10108365462325,1.96771608613288,0.0833244718983339,0.481585255153845,-1.75087840927755,-0.384698363615075,-0.740882454266209,1.66242543136983,0.227901947745139,0.845864734385724,-3.7306062331657,0.623295045855041,1.02179021379997,2.32611468999599,1.8858592272985,-0.0036933556879347,-0.0727253208112047,1.32962740192276,-0.605251815545241,0.110288780979492,-1.6909121746009,-0.337093751392687,-0.323740432379783,0.181016676797578,-0.218159501252396,-0.33527798595604213,0
141586.0,-0.0470775018532223,0.778603364232123,-2.18229457130933,-2.16281887301843,3.62397471206453,2.7415761244345,1.06470285220632,0.610283960743898,-0.552635947342006,-0.458021464014262,-0.147078967251392,-0.117231636327195,-0.470416035906853,0.927406335992005,0.243438461013491,-0.738438111544686,-0.483779343367876,-0.501333969345802,-0.259809070150207,0.0046932526626438,0.245930832158386,0.79692567798802,-0.204514906072981,0.754891463070683,-0.271774278215404,0.109022302891541,0.413543157539579,0.262681934329149,-0.3381166271537381,0
43081.0,0.89867165703334,-0.575137510623192,1.01017269690152,1.6908936123116,-0.698218710899672,0.840010967045367,-0.425717352707758,0.152925745099496,1.26685003086217,-0.485146338396789,-1.8888792619413,1.34047248738186,1.37352631328585,-1.2066991462782,-1.88632334785768,-0.520497576289299,0.0390535333778116,-0.495278761214473,0.646253805020345,0.229742602049066,-0.241410496059343,-0.468090555639914,-0.252359658724371,-0.39484242575931,0.631623545633865,-0.376143363401925,0.070880822060481,0.053763024413965,0.24648353612386978,0
121033.0,-0.271060652112594,0.386422196208971,1.50173498725928,-0.701933393481554,-0.0863105975398101,0.448921993718625,0.45108557851296,-0.329691826825042,0.906339729445192,0.343858783410109,0.534613845881909,0.457458752690179,0.143327305616897,-0.807159053151978,-0.243672995710107,0.704877751112043,-1.37024287436105,0.616830000123197,-0.192294685967098,-0.110079835140311,0.0699588127891962,0.485366826948655,-0.0451213971162559,-0.460073202630238,-0.874844429448307,-0.0082561745075358,-0.757632928106027,-0.412740173915612,-0.17451494009779694,0
88252.0,2.02894354014043,-0.154693538811162,-1.18965032942521,0.462530764214985,-0.130586075047763,-1.16374385527932,0.219236973149225,-0.325334848399651,0.636252753652857,0.0592764429581052,-0.941993334162277,0.24860740065829,-0.331251583038985,0.312102301497293,-0.180413728689439,-0.226379564241894,-0.189239816775948,-0.829458606389334,0.225618979789965,-0.210957875996256,-0.245922010020404,-0.592212795907458,0.263485336713715,-0.017781834388559,-0.204270544471807,0.277107953301103,-0.0791267254893908,-0.0612801651991053,-0.26507159239049166,0
128705.0,2.26319837195985,-0.817522062359756,-1.34158998503497,-1.03462542956873,-0.325928683642477,-0.467403030864182,-0.598647996953513,-0.214604869552266,-0.135190892070834,0.764113500397072,-1.63036374251698,-0.726709086871585,0.434645365287015,-0.323194333727483,0.0348329081808318,1.11079440645724,-0.0628749767069915,-1.26748436424097,0.951545302641596,-0.0140408712482282,0.129232188751353,0.466269019287439,0.0270934794863019,-1.03248353813407,0.0740418045377698,-0.0944157069214096,-0.0133539889195125,-0.0677561020308109,-0.313248531027444,0
121643.0,-0.844778705132375,1.67109708888465,-1.15888794676979,-0.594220367327962,0.297299601793202,-0.696691040268757,0.213914230941144,0.844230378042576,-0.582580943007028,-0.831589994712356,0.989750147277254,1.37267137497587,0.829038336266546,-0.409114818929768,-1.09689005348426,0.679509776873946,0.444619502736049,0.199531631412748,-0.0351783596447458,-0.0048471445528706,-0.215960325981909,-0.681864313750953,0.202938720054943,0.678462315698053,-0.343423906419785,0.0927112820429081,0.0836821426474183,0.0025070206737735,-0.31044987069168745,0
46441.0,-0.418408318865743,0.42238120029624,1.60429956114442,-1.37512718586118,0.214410570892056,-0.497429836785085,0.852539430193525,-0.327099258487536,0.202467093128811,-0.0247492192996064,1.58071367945219,-0.132102649827234,-1.64404837959844,0.0998999468707528,0.149562918762406,0.220960739835448,-0.669640585145472,-0.354024893013685,-0.803096801842234,-0.142047998074522,-0.0152770476598403,0.0658196420149592,-0.0838920331341972,0.226583075863723,-0.530363200843646,0.670364183885144,-0.658063546850814,-0.427109693167002,-0.3228039570309557,0
120541.0,-1.22895265938681,-1.46730502264383,-0.492951378884787,-2.19849944520984,0.289800507224347,-1.74348145971528,-0.539423440852384,0.0170326295295409,-2.4977675537381,0.951242677677199,-0.757829482765808,-0.275564388912214,1.79089410863156,-0.170805315236519,-0.49780637836718,-0.618405207501264,0.406865830126183,0.0354963163765579,-0.612979120124373,-0.536586112240477,0.275349895417366,1.31238874660599,0.927828864142734,1.18465760349658,-0.703087588138712,-0.180425445542546,0.125321418697147,0.0976883886905789,-0.313248531027444,0
41874.0,1.23407505042105,0.224468304930961,0.168881122106147,0.510185907817994,-0.237960435874698,-0.582359375806136,-0.0853595000886479,0.0171119276864321,-0.0634267344111371,-0.0863283055752012,1.17969378921389,0.318761505986694,-0.734751958773252,0.0754039588444782,0.520052220022123,0.81461500860486,-0.32199742043994,0.418039116040554,0.220873972189592,-0.117014895078963,-0.26767874642805,-0.85485746017864,0.0867335661145163,-0.062446399587703,0.197879999511885,0.100345325416657,-0.0335957513277976,0.0154677322884032,-0.3424745411051305,0
133995.0,-0.138404255706878,1.21419687355362,-0.648195672542973,-1.12496500587559,1.18494519920312,-1.67906263268095,1.90197366135976,-0.689441838310672,-0.0537991128343536,0.0387957502722791,-0.75929992250059,-0.226154892993765,-0.404500644116594,0.467816331766688,-0.079575612163536,-0.827132274581439,-0.449564039227076,-0.507351685645674,-0.233165504422725,0.102049450057777,0.168193193776783,0.948824740889778,-0.278074755578718,0.0350583531518975,-0.304205947998688,0.0676159903178155,0.340771317006486,0.104143114936983,-0.3519899862467028,0
66216.0,1.14042739911325,0.406579969313988,0.462678024254231,1.11981432547257,-0.153745120832602,-0.736247537499051,0.326344140811591,-0.153491222600875,-0.252409054833665,-0.092409294030252,0.372544974838222,0.839927637344525,0.524213949477466,0.407467729867506,1.0755180188255,-0.283578886099474,-0.0487397505467107,-1.31667841677538,-0.595054194873609,-0.114939242987839,-0.403703294405313,-1.19231175635094,0.273610005225753,0.33126511824388,0.151605243089381,-0.848569576892664,0.0295482660933839,0.0333759477320923,-0.26819009962176327,0
63278.0,0.701464357779686,-1.59137310217198,0.653338745536577,-0.790766062408657,-0.814292629471113,1.69535117337363,-1.09211256292262,0.605198526760167,-0.791523893889459,0.457337157715688,2.44064258418416,0.640047637258152,0.480847470080766,-0.103616719014904,1.48665746633377,0.447061048951699,1.0083497861464,-2.48986076652832,-1.01215743215902,0.449381296467654,0.515182000750995,1.01485970473535,-0.0772660129391851,-0.973544709736808,-0.142491655965274,-0.151652892241009,0.0625278292202185,0.0444798004491449,0.6103093797722238,0
163229.0,2.05694058101983,0.115745239298195,-1.70351835467854,0.434246378440173,0.369518694017633,-0.902841370856986,0.180289662868702,-0.226780949476007,0.528092733688684,-0.374749052618573,-0.580553231311334,0.026766459321943,-0.186146792879418,-0.791627362185228,0.230861277729016,0.319529888130196,0.499633849792958,-0.286458874808184,0.039687218854617,-0.156337588249287,-0.360417832177972,-0.96308496761835,0.339668195867194,0.561755096935753,-0.273751912985359,0.169598386628975,-0.0657900495780016,-0.0292438503711637,-0.31388822481847406,0
156007.0,-1.06507495739647,0.432368157719591,2.0172882767135,4.25800797306491,1.41528850890526,2.70293026697862,-0.0875404270311939,0.833549009106236,-2.05541931583535,1.14944460381851,0.500764502082172,-0.0540276216420873,-0.285214782331357,0.296311555476368,0.456805993061026,-0.665994323685595,0.744675675405189,-0.827497071183771,1.04260176827087,0.485303324814047,-0.205916975739509,-0.804125949835349,0.243771288864768,-1.72151193594798,-0.245895441385514,0.173359327316228,0.102453619653806,0.0900150914820843,0.025869139942373366,0
118361.0,1.9320108676577,-1.74579758679233,-2.8345840004633,-1.4263999281479,-0.369839614099854,-1.37567529425902,0.351890878804403,-0.690256297814943,-2.10224030570104,1.63520967612028,-1.05091509685595,-1.17540681300053,-0.0391220408753369,0.385382319086555,-0.583242166145019,-1.360990375623,0.794034231606823,-0.283862871444061,-0.0607198176629536,0.0474879232590475,0.256838040384711,0.676359885336098,-0.337074496542504,0.797065939249492,0.576821145273223,0.242540029139647,-0.124221349617508,-0.0381617302302001,0.708622319281158,0
32511.0,-0.392755975275831,-3.36449072027015,-1.4174433762983,-0.230475967622741,0.479239317091299,4.1814251613746,-0.0939608974110178,0.831281972132201,0.974476190075075,-0.791332118400289,-0.557425376274685,0.430038994572561,0.0670302395777306,-0.217038179500058,-0.0056366483795131,0.319968987609682,-0.328761708180734,-0.0166308077438344,0.563776827082087,1.79479895176523,0.233234849270577,-1.17192604575833,-0.712400732548936,1.12140819964054,-0.0201931636878198,0.866228716118919,-0.193769625104553,0.157115231646876,3.115510188893747,0
138245.0,2.02984406792191,-0.154388686122291,-2.15470680184544,0.141117114719971,0.560399754788922,-1.01838443666957,0.623912367957944,-0.377499294296084,0.0058043185476123,0.317072382173683,0.386450433451912,0.580821777287908,-0.515676897674749,0.834274658017705,-0.94938563579768,-0.287113618692395,-0.472615692427143,-0.102078361163452,0.619342678244092,-0.149374038462835,0.136967016551459,0.454896247483548,-0.130702441879874,-0.409935598773403,0.357116493309439,0.834130848800725,-0.136938485316517,-0.0949734248046984,-0.1701170452844652,0
64247.0,1.2631579118158,0.739327171251596,-0.488888661099074,1.2638541424807,0.288568438405326,-1.03085943751345,0.326360452585563,-0.240831636335468,-0.115222966171506,-0.690534847407665,-0.141920346730482,-0.0624239758574477,0.326469654116891,-1.42207348681372,1.08024639915209,0.686006343335803,0.745299267716182,0.670143236052528,-0.492184491810625,-0.0656762787473419,-0.0876491027443981,-0.161750587784385,-0.171893837966707,-0.0993137835874439,0.750028283420578,-0.306181916711034,0.0368885683289316,0.0545496554115197,-0.3492313067728856,0
77360.0,1.31433710301665,0.570677731675018,-0.672323422834551,0.719242293029276,0.277383102734069,-1.13202421719665,0.370183302462646,-0.272733124950564,-0.0904094606034775,-0.589644700852863,-0.372344236782847,-0.363003049986251,-0.191382743996786,-0.999785366346913,0.998168631702529,0.614153484102154,0.646864879753916,0.328889159714255,-0.134290053492787,-0.0756973949199235,-0.173475859484213,-0.45222496643381,-0.138032827220744,-0.207739954498794,0.630166864856324,0.400399203417286,-0.0361225872506251,0.031100541422821,-0.3501908474594307,0
18022.0,-0.858258670184753,0.315083971439333,2.48418178633602,-1.87928981715988,-0.23747628612099,0.530777699284837,-0.159210319664014,0.488451830120691,2.38167848726362,-2.12154436903035,2.18457881855361,-2.03405538083185,-0.165594242319462,1.68711310367282,-0.0907521907016893,-0.639070062959858,0.761916058818531,0.323798516101867,-0.586009433461832,-0.311751936229871,-0.0226012627991684,0.288664686456246,-0.28924383999837,-0.374967644444709,0.257144946744345,-0.766615757240655,0.103182076215105,0.0497659236299215,-0.3454331248886445,0
111347.0,1.95026752363269,-0.505705494845608,0.233275964041272,0.696814739275128,-1.04795707593888,-0.305063793434665,-1.04363372306297,0.042403027106212,2.87226220195663,-0.380269140345878,-0.193862379656135,-2.66484497535674,0.769846209220241,1.27263144279022,-0.0497786996291035,0.530128158322761,0.259691648507995,0.302693259588596,-0.506046601510518,-0.28884677183006,-0.155531698840151,-0.0696054330651565,0.334923418256261,-0.151334069715729,-0.62867436603016,0.328185093161049,-0.0339621279063062,-0.0453099564817778,-0.2892999947257557,0
33028.0,1.28166232678112,-0.506122267401605,0.442884369461191,-0.628462617751928,-1.06991201519815,-0.879500116971778,-0.375240664529336,-0.162064254741947,-1.26887964930841,0.809572544612982,1.5174652862548,0.942341783916281,0.738202886200726,0.237677669106743,0.0866931044911393,-1.13552837746132,-0.230820334195686,1.05812136683429,-0.465798200470898,-0.376883471421409,-0.500587800325138,-1.06761319720356,0.170076569188729,0.545296140065855,0.0104932662764733,0.781629988270822,-0.0659673460816326,0.0086938044397835,-0.2031812181083321,0
132766.0,-1.37695306563945,1.00810734415515,-0.47874635346408,-0.351904423915644,-0.89364538917712,1.28184982558935,2.93300271267419,-0.579043321438225,1.1002851133899,0.337892033311262,1.08710981015992,0.930889522486273,0.301229159298353,-2.44119003634122,-2.36961231424523,-0.301629910571213,0.571681084363017,-0.238501598308387,0.379675601859698,0.22504217129253,-0.830769340479459,-0.703970919200713,-0.173472227250443,0.666928456635281,0.221349716396324,0.0499051380519497,0.688174803974421,-0.130406029406172,1.3709052973069804,0
126971.0,2.03468438646544,-0.173091642809501,-1.22625069165125,0.219486540752286,0.0459074653466324,-0.677599543780065,0.0417604452412717,-0.131238261527625,0.396510947633806,0.257091683513955,0.508924465776415,0.687420611339115,-0.53669792913253,0.56650382323865,-0.566923405268516,0.23324051287276,-0.646979810103924,-0.173924761537059,0.58466677621034,-0.225809110586244,-0.266256687964392,-0.709614589868925,0.281220348966463,-0.422272429315608,-0.298483461516705,0.20397494025121,-0.0800395829200231,-0.0742681872233814,-0.3217244737585925,0
148428.0,0.058202172926766,0.869113491284745,-0.353879035607726,-0.604547803418339,0.840388342502277,-0.625511656986341,0.807462106671553,0.081184529912817,-0.176297522233921,-0.640372219741197,0.967211697509469,0.125801526960231,-1.0189712904557,-0.627443854833642,-0.846520447006984,0.533537688882931,0.215614189117837,0.353215111514973,0.016690881104992,-0.0107396649594341,-0.285507916959436,-0.776325202126884,0.131077522708313,0.634695828843972,-0.495576480372835,0.089558122925191,0.209327485007055,0.0747076913289731,-0.31732657894526073,0
63331.0,0.418000034438853,-1.88327809106897,-0.293044848503064,-0.0462662861113252,-1.20833952129982,-0.578035606090064,0.449555062668187,-0.395209887875236,-1.12416720958636,0.309307365818736,0.0558435176561025,1.0345842129732,1.76669752339991,-0.143774477416472,0.0674938421611174,-2.19810591383143,0.634064439447032,-0.060875522925537,-1.10835337602563,0.53221312526254,-0.0922773448058386,-0.631324396240739,-0.375587464906891,0.515639406119837,0.196007946530927,1.04526912424578,-0.131520284426883,0.0844335337387907,1.5833635976528435,0
62552.0,-1.26531743081397,0.26246614050139,1.42918750467131,1.39423594029969,0.649309357228595,-0.295624042615322,-0.174515360125588,0.38538316123802,0.0036998456537009,0.538072728600845,0.966885535667007,-0.0211354168960392,-2.13985387797132,0.54400930616696,-0.226186805334307,-1.00949958520094,0.558651472166208,-0.0480661499881492,0.952921537726083,0.0714740349171672,-0.0482850582068744,0.204549554199493,-0.17148006501339,0.199012321356918,-0.167163785343995,-0.235665895232104,0.587094625387857,0.263972577081522,-0.330520263385256,0
37664.0,0.90710824600127,-0.673848152515277,0.0004291844876337,0.256553979319395,-0.546527453502739,-0.332091391685532,0.131589752187591,-0.0668996546758593,0.259577415551048,-0.168741220378328,0.755704060671755,0.903116721649979,-0.268537063315085,0.206956581762196,-0.86487751015417,-0.0250194826930153,-0.200830730355471,-0.183231247693774,0.776852819763934,0.280046511923661,-0.0478831814672271,-0.396128163101485,-0.235836326848022,0.103279361755988,0.385579853607941,0.993423302318029,-0.118620008921401,0.0152993952276284,0.38721617015048576,0
38196.0,-1.50811733842488,1.67097327492298,0.685159678418616,-0.256613741922383,-0.155557034537754,-0.249690272767771,0.338609935071609,0.445048686365262,0.0754518368183214,0.652325917322718,1.60075504469571,0.388899947973046,-0.694493076601278,-0.197800467198704,0.578323135687853,0.296100643731244,0.105540049685229,-0.0456428366460209,-0.240168239644226,0.350850202661803,-0.286055068161271,-0.57515318937521,0.0723603461351523,-0.0649450990507775,-0.143750726656799,0.0626380070499812,0.152794386707749,-0.0109596489914769,-0.28130382233787976,0
127407.0,2.04774248445615,-0.176052807087699,-1.22568737267735,0.217237182450791,0.0219592452461836,-0.688274966858063,0.0092460146089731,-0.109879293982155,0.449482481784839,0.270418580549056,0.450078756322245,0.503927228371946,-0.882409853850326,0.633500448933585,-0.529994414527839,0.248490782049155,-0.627498776788728,-0.133072445037978,0.589193186190008,-0.26191155921993,-0.2743922765826,-0.734190544077341,0.291428011395871,-0.432057632813904,-0.307609409380168,0.205864163254743,-0.0809897112989872,-0.0762076982091715,-0.349271287634825,0
153119.0,-0.319262917725607,0.954770580858205,1.11482607083919,-0.37197803227706,0.52308974530987,-0.791649007411838,1.04383454955994,-0.216883358172114,-0.636191891389764,-0.73878930690057,-0.636442026706599,0.382331584332865,0.703850570876459,0.0306289170526231,0.0441185300279917,-0.384277069112138,-0.105797504317808,-0.856562414760606,0.504783799807513,0.0126723903199089,-0.294998738063975,-0.793932712277577,-0.253786553224374,0.0122420156550867,0.537400617277814,0.408617149588226,-0.112206538297736,-0.0706717421622418,-0.34967109625421877,0
149743.0,2.07928603670399,-0.0050015192922312,-2.0324587563809,-0.0243415282960875,0.354047737932082,-1.50846508339758,0.608365971141826,-0.379956933283024,0.139402445119789,0.223014225030979,0.973966569749109,0.283712996670004,-1.54458807175676,1.28859300203112,-0.141968173778511,-0.470953427006731,-0.337725284192101,-0.0080043664017307,0.299792548435363,-0.334932008450217,0.194141173432999,0.622445839379683,-0.0185363453127596,0.0406097798320059,0.338080153055137,0.225581980055821,-0.0947020299970431,-0.0920409899792382,-0.35015086659749134,0
115040.0,-1.29411667765357,-0.211634250330777,1.28940410659061,-1.43352044210704,0.169777507070562,-0.837810381896662,0.374866521051756,-0.074341792686087,-1.08899343390385,0.200378967322703,-1.38616599198722,-0.866154749735057,-0.494863108890543,-0.0534326026210852,-0.0165942056356244,-1.48681207415133,-0.0934746055501137,1.0624246889495,-0.791206586247424,-0.457427677893946,-0.471763933842305,-0.669507121311547,0.145608005164861,-0.198650851017682,0.647365245698523,0.720358953193931,0.158855650798502,0.0606523411064513,-0.27326766908806444,0
133172.0,-0.943450111787598,0.0547205835211994,1.8924194418017,-1.63861954333528,-1.95677320636548,0.176607560705008,-0.372718035455744,0.135822857080163,-0.335777536325743,0.194004946434056,-1.16782933936537,-0.136991513608973,1.06088863062939,-0.849635750904818,0.725891202312724,-0.855133380953578,-0.255172776409671,1.67459559070012,-0.598805988317353,-0.52971712895634,-0.115064041844808,0.298100566571481,-0.12129110902563,0.122243138244803,-0.739711725654388,1.27382882076315,-0.497988691304959,-0.193602077456112,0.10854956243301031,0
28370.0,0.531700709601545,-2.18143810400713,0.5601622053067,-0.0774799462575469,-1.85006990826218,0.023551173202942,-0.538123502599917,-0.0496417985812752,0.0809810690487045,0.175685488277942,-1.09056261381709,-0.241613878578088,0.368834280784807,-0.874774795852699,-0.61969842331351,0.891350776669056,0.564253634936964,-1.36026888913117,0.909994959092208,0.950912995117054,0.242556592399725,-0.0948953585700854,-0.420864224494441,0.0817921080917482,0.278390815241322,-0.268465773850304,-0.0268502541471871,0.0971992492565694,1.4135648769962985,0
78352.0,-0.921929146765741,1.28753713732932,0.936608815867625,1.66249792689665,-1.38416024437744,-0.477957211914903,0.142508452269965,0.433792807052457,-0.52595949379811,-0.0113212422883374,-0.310925177152074,0.0562934984886115,-0.0371317328870976,0.636372697670232,1.80946323304164,-0.280453628685503,0.392806616087536,0.236157597874135,1.18074490568767,-0.155531128807698,0.0857432866868545,0.215100681152915,0.169739595475739,0.693925909213181,-0.5511760429516,-0.39682152060666,-0.461591864868434,-0.296615047380614,0.04258114023303405,0
140266.0,2.23440292876174,-0.640675766461471,-1.36210721293552,-0.906401126144653,-0.503485458261207,-1.3441870249577,-0.263195817950558,-0.460817467362652,-0.613724266383007,0.862531316907364,-0.652611415816224,-0.347073621697061,0.830236978347029,-0.0995184700710519,0.269968062798216,0.894955727179147,0.0609462403327914,-1.33001887027614,0.474145842518912,0.0111478217052897,0.430744173912235,1.29595318648581,-0.0396991620474115,-0.0321214337504514,0.243813073486854,0.0735994698713832,-0.0354373338876905,-0.0655850840090368,-0.2932581000577542,0
159699.0,1.78214866161201,-0.540553478429549,-0.428887435265151,1.21221505167832,-0.561719497854675,0.0247028500437933,-0.59412874667348,0.190593381249102,0.881234099464283,0.394059435896616,0.276968073218467,0.0688809517346673,-1.3697258569245,0.494439321554501,0.3173294969794,0.772039884688319,-1.01671623352675,1.05371602713021,-0.435377598417737,-0.174884434896716,0.289660525945387,0.722220654158406,0.0426107701621203,-0.447414513674575,-0.167927787960201,-0.558828331130789,0.0320175026835421,-0.0337654889933901,-0.025386325063911197,0
117016.0,2.05316828641578,-0.322309776034042,-2.79158237972524,-0.773790910333316,2.49549628248107,3.1650523072455,-0.394307787334276,0.714755058230595,0.447928209300101,0.0311376260932314,0.0621585627928632,0.285129253189919,-0.143293219064195,0.695587324949678,1.16639582456448,-0.285570027975764,-0.586773473322811,-0.179180019225041,-0.356986944859624,-0.162298812512645,0.244670689599166,0.743083191468472,0.0363712555381583,0.737611631691381,0.302327960141758,-0.0880384840134857,-0.001462892329633,-0.0646593662216036,-0.3312798997621042,0
143094.0,2.22748348388218,-0.370209550622925,-2.16069379078113,-0.253018359973728,0.314054970709596,-1.09049156965315,0.403068527248278,-0.590242681185565,-1.02432614936126,0.965580870809826,-1.52534902935188,0.27499296101009,1.28995646510833,0.206750545526134,-0.566890831269834,-2.01177473446779,-0.161260605270764,0.709140592299781,-0.446636916420394,-0.527677706779805,-0.275923833504383,-0.108300772060601,-0.0745455539217271,-0.59467064897941,0.424657845088269,0.568752145404712,-0.0717216070839486,-0.0782785633749863,-0.25331721898031406,0
65771.0,-1.15366139486239,1.94277290285578,0.879155725035478,2.63132597955556,-0.204253316753906,0.623081640588835,0.0068670393434721,0.434910024035049,-1.36836573177874,1.51274449503203,1.39989002542648,0.936283806624512,0.914866417894381,0.384468327087788,0.639208183879795,-0.0855370239759011,0.057324271851622,0.003039214688168,0.603006332561449,0.0311034036641851,0.24250778543102,0.459765018446545,0.0509832870189091,0.0261705521324391,-0.68161083560954,0.0385713139141041,-0.53246180866389,0.0555195152758229,-0.259634195166736,0
30583.0,1.19073072069474,-0.288369679571289,-0.159228674652351,0.102465860619528,1.41694552324683,3.97718103554793,-1.29345640697667,1.09223814509146,0.500036762424625,0.0482706197573846,-0.258343455076886,0.0219688229512131,0.251386553550256,-0.0371489829279979,1.72345340915084,1.12973618167964,-1.28480885921585,1.03313375043089,-0.475322389318838,0.0461300876728594,0.206740576155456,0.480350778306039,-0.114551270281175,1.01289550663567,0.519683297500874,-0.224802041697036,0.0757976366567635,0.0392040322900553,-0.27154849202467113,0
66480.0,-0.531544342627588,0.231840558654347,-0.0561707999025906,0.3220104098529,2.91818290494254,3.61372314399332,-0.139092121302094,0.955881629909061,-0.512029019551647,-0.170063416629927,-0.64282935716266,-0.100252631346015,-0.197304134799413,0.191518721884965,0.16598988847824,-0.599956213963842,-0.136560943814676,0.244438844639858,1.48761630705953,0.291620526750094,-0.0233966046917501,-0.158122472702724,-0.107326252389586,1.01446181120501,0.101723167413287,-0.255610099489941,0.151430890246316,0.149012914181446,-0.261633238263705,0
155043.0,0.947645274504077,0.373923161269564,0.538256036479138,1.29828446457655,-0.442571021456827,0.527154691687754,-0.844024541818708,0.250753024442127,0.69664065288186,-0.193708895231687,-0.752935429985728,-0.149265730728583,0.95358165322712,-1.73717487775429,2.13270166500093,0.259237729846411,0.888853526863812,1.41340800106955,1.92949471054609,0.257434864397585,0.264225891320546,1.07191658710577,0.231443872538874,0.452905537194297,-1.72492571001362,0.7402365372458,0.225764758968044,0.132821615744995,-0.345273201440887,0
43660.0,0.738096047144576,-0.781221203584321,0.386897412032562,0.956741479306644,-0.918483022216642,-0.582167675791875,0.210204271392693,-0.164036411630567,0.52447073892303,-0.339631722698967,-0.647287292249376,0.472593839215634,-0.0298594770782893,-0.0555764479261414,-0.0926183798247521,-0.143105656957684,0.0200200613308026,-0.690871628827178,0.175207751019223,0.399711951590364,-0.150176745059907,-0.843551730922479,-0.141649788006908,0.414091682510152,0.219744431209948,0.26006653035009,-0.0714985002087244,0.0593770313911019,0.6862730174570449,0
15363.0,1.2390913611887,-0.0403346544518649,0.861176027892421,0.3231807672513,-0.896646608016379,-0.899579852525022,-0.440011189589732,-0.137623504123583,1.8501510263703,-0.508281489525349,0.513509742823239,-2.9183944147159,0.599899769739958,1.75845722768007,0.671424642887943,0.5651422750195,0.383153719474228,-0.0045352957518937,-0.238987493664048,-0.153443454104131,-0.350475155929563,-0.863353546708954,0.170270317162372,0.337114784642481,-0.0586494992800767,0.752254876975913,-0.0994239819124224,0.0081933766761053,-0.28038426251327403,0
84422.0,-1.82013660575557,2.09940592954679,0.331031691195378,0.047161678534972,-0.795100502601738,-0.629749556280613,-0.278757725660097,0.112353814205186,-0.325021579570666,-0.331439450369313,0.0648899716292366,0.565019842901251,0.249274564526259,0.114403793234777,1.0535103567239,0.212185213351125,0.778205372038463,-0.650605118366179,-0.659026340817806,-0.078193287259868,0.562040205777421,-0.836935536757813,0.268312026771298,0.332636690317034,-0.108858203424107,0.101967025467456,0.287877854230902,0.0786473461146004,-0.24532104659243817,0
78347.0,-0.783472713535529,0.883525124994102,2.16080247840434,-0.03303953970775,0.616812593883903,-0.59853075663693,1.29110291217743,-0.448857373027692,-0.22630604416232,-0.238398772792116,-0.0555977557962816,-0.602546555297334,-1.15015718621072,0.0141777167076537,0.753964007756901,-0.336537904673841,-0.396005217556958,-0.567200220619395,-1.2925026144912,-0.120094196953694,0.0246838069428667,0.319609101159917,-0.430144141393609,0.381518902118465,0.476660248138468,-0.46456498378266,-0.404514848811331,-0.395369278407153,-0.31924566031835094,0
153787.0,2.13659622369177,-1.40397839162577,0.0597749036266073,-0.663677034654863,-1.52133789601515,0.408049085174066,-1.78259320788135,0.327281154074628,1.25473885364282,0.542179306704334,-1.86040311116868,-1.06714226778711,-1.29106768841632,-0.957124544968935,-0.811483324768494,1.07912875547154,0.452174349412963,-0.991411315599253,0.94368570643475,-0.121646044057516,0.0931464124804792,0.482517514923435,0.254984335895636,0.466456462907354,-0.332327456794961,-0.201414944103447,0.0475712118132954,-0.0365460981934318,-0.3400357085268283,0
152638.0,1.94960309853875,-0.408988577261736,-0.336706210451438,0.30239803471983,-0.470574553320957,0.115359108189139,-0.726508501150655,0.14599038665581,1.11178433042373,-0.0180009495850929,0.818744811114319,1.43760465455004,0.595752463375573,-0.124964183122293,-0.246055810761696,0.259853179918669,-0.791207251641664,0.647143748509102,0.0521492409289837,-0.155965759166426,0.245535710292333,0.928582074071608,0.144712575756836,0.803058547011012,-0.0925492604392542,-0.270364033852811,0.0375533391088003,-0.0387026064968632,-0.33327894285907317,0
116144.0,2.06397036401667,0.0063091097809884,-1.04457773520214,0.410669259780523,-0.0817382036741854,-1.20191213184442,0.233627659661303,-0.377166644740528,0.429601921174765,0.0520944232287105,-0.607662086994917,0.83290057725841,0.798223825500716,0.129295250130269,-0.0414978308661589,-0.142438276281147,-0.326907846171727,-0.96301701194855,0.138086357001367,-0.179392384593863,-0.280768553891041,-0.636702566528707,0.333282347866659,0.0664120160833699,-0.274341876727265,0.193013150967151,-0.0657396297694312,-0.0584236495136809,-0.34967109625421877,0
172630.0,-0.805147892767721,2.32250434161177,0.479748634262611,4.29339693954135,0.567406161193476,-0.0819102050575209,0.690709361090548,0.153625672883163,-2.48584486363179,1.79764082173131,-0.901973843752166,-0.291981744071799,0.87018013232121,0.687447824560729,0.762294568571556,-0.209052853792986,0.240969211908131,-0.274437155265584,1.22289206048277,0.188054856008036,-0.0079506342974062,-0.171132669231255,-0.0338152500724836,0.0259665465826191,-0.456772880338894,0.151083349579657,-0.130415232154185,0.181454018973442,-0.3492313067728856,0
2086.0,-0.455733740830124,0.911475514803674,1.56093790598235,-0.136776751091823,-0.119811778404712,-0.600349511600185,0.521694558812012,0.148327844702392,-0.474639696084822,-0.108102923564228,1.09473303472939,0.0048747439054924,-1.24445792777149,0.575642693936031,0.278329557153378,0.4511987035311,-0.576469815817381,0.289573384478393,0.312069062649764,0.0312033952837657,-0.190242633854594,-0.580003911731604,-0.0208231209207642,0.277528458143755,-0.264346935531505,0.0578734840396221,0.25377596180415,0.108212697891577,-0.3424745411051305,0
137978.0,1.83441832916668,-1.19457942789629,-0.920265443981433,-0.712157887331102,0.0523111393815104,1.86278007339908,-1.06065437049298,0.530828369251785,-0.154071741749655,0.629729201381048,0.762366770381118,1.15853104203766,0.872941711656024,0.0081214919320345,0.595213121642119,-1.80341695134357,0.0042800273606732,0.437827171117898,-1.33324006604901,-0.472046362583322,-0.453299752708422,-0.820910236601093,0.420746151437059,-1.02371961129304,-0.69529955829181,-0.590212022495541,0.0844986913998642,-0.0326452895309744,-0.003037023239798013,0
133473.0,2.0915218369219,0.541196809748478,-3.35786008018639,0.528855950106165,1.3607059089873,-1.14938495441035,0.621864434314279,-0.23774836485023,-0.0017805330365793,-0.83612403705868,1.17138351055504,-0.486639133439954,-1.6184230705995,-1.97084838245319,-0.522587868695084,0.696709088256721,1.87070228369279,1.33489164464724,0.135797177061282,-0.191761750608001,-0.0583550511163936,-0.0624781238987399,-0.0842172508824305,0.143465554976904,0.374375022381028,0.688972987011053,-0.0948906685084416,-0.0297108859845868,-0.3501908474594307,0
167996.0,1.59010388639887,-0.949147838007347,-1.41219848975626,0.396055438806234,0.0589127929474724,0.229153723281268,0.0539077045146512,-0.0371683712197448,0.43922591430801,0.132825069983129,0.353185287333855,1.04912537960385,0.627463242609129,0.220052092752293,-0.379324398626217,0.494108093565639,-0.946306842625264,0.328107085446695,0.327122982718235,0.347167791745019,0.115432866437222,-0.0830698750596109,-0.0441021649705755,0.135746613218893,-0.196643758354206,0.185709698814276,-0.0898328278977314,-0.0212247207838624,0.6013136858358634,0
137303.0,-0.875460208370957,1.30346114702372,2.33283930587685,2.65851319203046,0.475436202697996,0.598275358321214,0.626426223813075,-0.078615405556577,-0.840710507828676,1.02114878993375,-1.55166765024092,-0.879481888515883,-0.352703071425346,-0.622498534433728,-0.840677526761621,1.02636169642965,-1.06171938807459,0.115220345783225,-1.86102760179427,-0.199119361232756,0.222184835075859,0.700129253083411,-0.262624150273975,-0.115509183257441,-0.129885739150716,-0.0213225641442411,-0.44713081716629,-0.0724630417036819,-0.3290009906315595,0
136804.0,1.31430278968543,-1.00922413801834,-2.17147052057656,0.866554205010203,-0.231902146581823,-1.41667531194597,0.770657344095127,-0.481216579961828,0.583865813131052,-0.684422388736635,-0.352962817034938,-0.0868978101766909,-0.224088178241332,-0.689010957058861,0.986824076467964,0.296953059305957,0.507299497495966,0.655229145187194,-0.572025660419602,0.559679617108648,0.419787232641433,0.50217044693078,-0.355818626188341,-0.0143017439844243,0.101717741577672,-0.143945968526202,-0.0754476904699417,0.0374633483771181,1.1948295813259528,0
72848.0,-0.837652957996861,0.649487449769164,1.11088989529455,-0.0268015271898982,0.487561713251269,-0.651707703471902,0.471666473429833,0.0739871381746912,-0.509803205171282,-0.204833104950126,1.17996102283316,0.426654702452303,-0.0368280818287796,-0.266187629194585,0.269476061579462,0.685815571697589,-0.370096203560328,0.488467933799573,0.360906937089499,0.0602868888895963,-0.243924474173276,-0.619299750846114,0.286844652382033,-0.0594964894261295,-0.0754398937905036,0.0772119506126952,0.151588946815562,0.0515494044815274,-0.3388762635305863,0
79028.0,0.424228366653103,-1.46023099228234,0.192045850206312,0.841141473006029,-1.08828702025674,-0.0188954335839405,0.050477232511328,0.0644055837066597,0.481232045019816,-0.148576005515695,0.608996380388654,0.22984574125324,-1.23903631019077,0.421123175358099,-0.0555414212336267,0.506032537093846,-0.484382450504907,0.527534266517704,0.24371648993945,0.659958024801977,0.209829671015194,-0.27225128970134,-0.413408473659805,0.0481147300586561,0.201970979534081,0.441884499521741,-0.106205435133584,0.0709526398084241,1.2899840327416763,0
128580.0,2.02857517195627,-0.1930022920285,-1.23260296489281,0.223351793872692,0.0305428548725253,-0.679758733714145,0.0365387427974319,-0.124217217555456,0.417008627739565,0.259690271085542,0.485470225034023,0.614264871185912,-0.673936869706754,0.594630512541631,-0.551413869364096,0.240114313908479,-0.63901348691244,-0.156381966222951,0.584603797063703,-0.228304214076959,-0.265956533095816,-0.72254097634066,0.28013312446269,-0.42588551172243,-0.304287692008528,0.204105007135862,-0.081527997081905,-0.0740226169798327,-0.30929042569544546,0
9.0,-0.33826175242575,1.11959337641566,1.04436655157316,-0.222187276738296,0.49936080649727,-0.24676110061991,0.651583206489972,0.0695385865186387,-0.736727316364109,-0.366845639206541,1.01761446783262,0.836389570307029,1.00684351373408,-0.443522816876142,0.150219101422635,0.739452777052119,-0.540979921943059,0.47667726004282,0.451772964394125,0.203711454727929,-0.246913936910008,-0.633752642406113,-0.12079408408185,-0.385049925313426,-0.0697330460416923,0.0941988339514961,0.246219304619926,0.0830756493473326,-0.33851643577313184,0
35978.0,1.13540604312714,0.144415358322418,0.222360029630332,1.1700831508841,-0.378169604170005,-0.961720682336954,0.253573842301733,-0.21498388343941,0.0638441304092281,0.0059078229123741,-0.490794608410252,-0.117690960532658,-0.572984713824474,0.517447460750339,0.990267482747514,0.0832418134337703,-0.390918704670276,-0.0693792376403844,-0.385011846971146,-0.0668563259077068,0.0548778581320275,0.0496728579257596,-0.14139563921348,0.384946634447045,0.647288482191824,-0.332483182233897,-0.0006590675883819,0.0288989390719103,-0.11134517823357724,0
69905.0,0.921165129387429,-0.796767503862861,1.11022044129399,0.375093938720475,-1.32493578955803,-0.0712939774028913,-0.600096956320431,0.167646113791657,1.2343426563003,-0.537298031868324,-0.356800602918572,0.532673413899379,-0.53416904727579,-0.391300238306046,-0.0105108150656874,-0.471247507194518,0.570775815709443,-1.11525730428425,-0.0494626902135166,0.0870519525742098,-0.119849493018895,-0.336514185196067,0.0535932088863243,0.480607793953162,-0.0377823458890217,0.940804967873138,-0.0416712070050962,0.0335166224419339,0.14413252955905814,0
68556.0,-0.433418430756448,1.01420038060381,1.38325525447104,0.103891510125258,0.0101055247046988,-0.715224899240232,0.615052375192845,0.0735704082586487,-0.343487220739704,-0.545040875726439,0.212456246001007,-0.16280411839788,-0.476632147170692,-0.276424899617435,1.18015234865761,0.0202801214448012,0.434864030046396,-0.626898763584403,-0.570290476588647,0.0584665330408616,-0.214980823117153,-0.559062459582289,0.081138540297996,0.333822066024109,-0.290801264847833,0.0829077135957963,0.256052229284792,0.0979817008016411,-0.3132885118893834,0
166178.0,-1.43309173275784,1.42134982126178,-0.638732494163461,0.921350325930665,1.47636077298208,-0.164248520080908,0.953527659407632,0.458718911363249,-1.16070909277509,-0.752830566403746,0.469701299485059,-0.38890100363586,-1.38721021872634,-0.386578298223098,-0.473427237192061,-0.221975848968288,1.24986916822655,1.12155727816214,1.14114469764884,0.012897648392675,-0.025476943723555,-0.02199127382815,-0.309536017675915,0.148024364467933,1.25863695273045,-0.190427366809658,0.0774300899279335,0.0319846232185589,-0.23208738129050352,0
145388.0,2.35816732894488,-1.4956009825514,-1.38719861481337,-1.72004795389181,-0.94925487880333,-0.254234951856602,-1.23479777690772,-0.0113358042796223,-0.839061011288905,1.63947590745188,-2.00455069785936,-2.30355177502618,-1.85283405879048,0.0351494839362592,0.180667641531825,-0.346852784371041,0.438537579540523,0.312519433901004,0.0904141742901673,-0.562681824950901,-0.245240731777052,-0.309761748164727,0.217676922198586,-0.0588322498997369,-0.14928987011045,-0.139705299597985,-0.008548918430514,-0.0578892008536004,-0.31116952620659627,0
38448.0,-0.243738010377647,0.6238104341318,1.37396516186335,-0.504987801010069,0.142049125296259,-0.878518096506782,1.00223996063627,-0.285267614636959,-0.300592751950915,-0.359387779025297,-0.0186883449812851,-0.697763511223017,-1.37265570654613,0.359339913555733,1.02652079085723,-0.477580700458331,0.176317718076042,-0.889288825065723,-0.215798334347379,-0.0441087994653786,-0.0135194536392296,0.0746024199626267,-0.120796078955824,0.431169277743929,-0.216861284688614,0.952473413022656,-0.207127890517062,-0.188522941838299,-0.2926983679906029,0
127431.0,0.2777564968603,0.0016715002525486,0.628653676579512,-1.47527973960862,-0.143459653897954,-0.0798458591129049,0.11897035434246,0.107424068498172,-1.13982563640409,0.288645096652471,0.526680427783215,0.581074031858188,0.221433880161811,-0.053208309825243,-1.19902390101962,-1.13618962971617,-0.437891587118909,1.021870720538,-0.451069565093131,-0.523130368666363,-0.748017709820492,-1.73832597039906,0.41209836917992,0.675250777582273,-1.00461570727137,-0.0745901072805511,2.29385891755991e-06,0.0062761256255794,-0.29365790867714797,0
141475.0,0.0945683363334399,0.0187004765169157,-0.0100872381953855,-2.13951074532221,0.54135530072922,-0.684572527323399,1.43504752679233,-0.762568265621011,-0.45600880136137,0.151528123838466,-1.10082414533134,-0.804220396614663,-0.673613604445376,0.0126611357638224,0.30701618763255,-2.43391132611611,-0.26306290053307,1.24748861634774,-0.583127147114591,-0.491893028194259,-0.311453625069251,-0.0441754442455627,-0.300696671815555,0.557279344692818,0.301456903017171,-0.704579097945589,-0.359100312918743,-0.438853758270367,-0.07880075661492228,0
122304.0,-0.155775217539685,-0.0828487559504958,1.39033360838915,-1.87516406254476,-0.604126988554408,-0.488334543541693,0.0991686665231103,-0.0562511507584268,-0.817716217392917,-0.14958864331992,-0.890228509334479,-0.446467764962595,0.774056179654472,-0.702649643823199,-0.266064343729263,1.20536689434225,-0.0103827003999561,-1.40321742554069,0.370955826491587,0.155135744002575,0.138800873388648,0.326818695348622,0.126405525215841,-0.0912642151494164,-0.785912232773724,-0.523791252996604,0.185576347259157,0.19475167020333,-0.1613212556578017,0
148622.0,-5.54989405046667,-7.22516275937267,0.569608628943733,-1.60141489076914,-0.267290034229624,-0.536247305648966,-1.08868170371178,0.928900390649554,-2.0221530747146,0.0377754999402016,-0.0556796758436679,-0.631420078468475,0.751881065902725,-0.137678232457038,0.0757499543676574,1.19490395132178,-0.47483629493894,2.02561918664792,-1.10630102806385,2.75105799020478,0.961814012607346,0.0295700736802289,1.4114357005332,0.198881496837873,0.686082808783171,-0.154249592178928,0.0108540526717317,-0.612093174004315,2.698309894556321,0
131349.0,-0.519747405734742,1.36893392182627,0.116745645250258,-0.611500141730227,0.465339584722587,-0.572272452890674,0.119006441199471,-3.12114409838089,-0.269929857168202,-0.612830502387028,-0.697098299737118,0.959364371730044,1.01093957575795,0.0249364023103685,-0.583896436521507,-0.08331359757255,-0.449576577441358,-0.896509436889465,-0.249865255914353,0.714784394625787,-1.53851167466221,-0.037227500286183,0.269161253130892,0.0522380612167136,-0.549997293917949,0.0768832946517712,-0.0732672991188819,-0.0937138139363422,-0.34531318230282637,0
1260.0,-2.90180976819796,2.24304015844102,1.24041660145447,-0.493756929241285,-0.416690910855613,2.46644693665969,-2.13986203212469,-4.73884488359669,0.616179884224337,0.101219298322033,-0.0793564826407616,1.00508561162067,0.0123539514502932,-0.139350471500339,-0.425614379515927,0.333377726066703,-0.0113556220382388,0.455673718706235,0.44339561016002,-1.06437073161397,5.25932511646212,-1.79421982494979,0.395505725902893,-1.20209584210593,0.396541169020341,0.456620751307764,0.154083104177745,-0.145510779282094,-0.28230334388636424,0
41997.0,-0.695616336027263,1.1994000847935,1.57390753531646,-0.158086887747636,-0.128702272610538,-0.697029117704847,0.624453895695718,0.0567994134460756,-0.534383155038588,0.15333377067873,1.56731196287903,0.910367951018844,0.277487937804849,0.207387437675791,0.107541111813379,0.297520985931553,-0.599749527766928,0.0152595069259411,0.194021909324076,0.251023560446882,-0.189387482102829,-0.43590684918335,0.0010718398867358,0.522418875140364,-0.186561556709084,0.0446693362146619,0.370748088449863,0.174154840907292,-0.33895622525446506,0
142401.0,-1.22076858359401,-0.183444039185055,1.30553071078317,-1.56021847719144,0.711182478977681,1.85254027449265,-0.250959152916883,0.634739240688207,0.353253119460467,-0.77365215816112,1.15794856544122,0.175164367400333,-0.78900397842377,0.254964979283418,1.91472598298693,-0.789033681033822,0.400846787388598,-0.308186675278084,0.545831633360919,-0.0287403480759556,0.294469570660947,0.892706599469718,-0.305345416332799,-0.657554837265789,0.0937994379996279,1.05906986998559,-0.22888384309199,0.170992608572529,-0.10494824032327651,0
35611.0,-1.50433939841328,0.893622115670738,2.34623652325074,2.0880896152724,-0.053389773261096,-0.266607105668023,-0.164466202947902,0.655923996601242,-1.38093054596063,-0.148540930326236,-0.217679230621201,-0.101834043157371,-0.0903726774204997,0.400317053085645,0.826169875312093,0.477265730059158,-0.0379319744141029,-0.272635084599603,-1.53905375430974,-0.0313052829304198,0.350031462623927,0.632392868413708,-0.199901656026082,0.605259643483933,0.217850547565972,0.123740883327288,-0.0486214849685248,-0.0669625023593009,-0.31076971758720245,0
147430.0,-0.157796028030497,0.848018718569636,-0.212645127646566,-1.04944363081714,1.26557706433304,-1.02252218811818,1.4610997824103,-0.417402742910089,0.19534725410436,-1.17476796401193,-1.47018616595531,-1.36897902620056,-1.42424471711299,-0.822851704182499,0.340304561949259,0.586063626004922,-0.212296542240432,0.994561767124795,-0.819135050299614,-0.148329637351801,0.197758444552301,0.711495180362044,-0.4308132450235,-0.824632696818779,-0.0033771515272499,-0.253057746149454,-0.0207033805404441,-0.0328493584218031,-0.25327723811837466,0
56914.0,1.20126698649604,-0.0066556927558427,0.100618874918912,0.155243635985009,0.0524070951931628,0.0657832406884507,-0.0471758104564152,-0.0012665947460342,-0.1405411294308,0.0286598570029231,0.545595941573658,0.99963407477694,1.0234261738517,0.20396655616406,0.376668672398204,0.878090769281707,-1.12077626798536,0.224324274967965,0.650233312362817,0.102414024391075,-0.301202236906737,-0.991866923245003,-0.0205690201744024,-0.826994209521099,0.233707318543583,0.221121668617916,-0.0450411818547869,0.0077906128672202,-0.14572871950144367,0
45817.0,-0.574507854171122,0.613264620535147,2.36740534340611,1.92659274547352,-0.0192075122975075,1.30286656724164,0.0628372451797459,0.518300432892307,-0.761866000233318,0.133683086648393,0.582479705270199,0.723116947447655,0.321116321528357,-0.390747406493863,-0.975075915656136,0.523279987939763,-0.51810032610133,0.0956719738929276,-0.664262312718649,0.0560234799764799,0.0896112463380783,0.258656900697006,0.0144853416959109,-0.310155049386021,-0.161337433810475,-0.0546930236445188,0.0602034713232334,0.0315569719015645,-0.10994584806569896,0
38447.0,-0.860130575897969,-0.504272437596652,0.47595482044016,-1.36945676645488,-0.888497839407281,-0.186870972155437,-0.454722969375893,-2.69549680292217,0.648007201414803,-2.12175122370243,0.929971304981292,1.50422211420095,-0.896047517369208,0.776502183295202,-0.819459008539463,-0.324753470694969,-0.172152440709027,0.148476638278645,0.157947928512138,1.08517871450797,-1.22321420423619,-0.0763130225059391,-0.428739627889811,0.346607520075684,1.0767643753345,-0.737209927708363,0.0137067658614482,0.258970265362304,0.9067274901907838,0
120583.0,0.0556576172131273,0.974433171168829,0.57912933785041,1.07824088321333,0.243774470119944,-0.495795112196824,0.702453710167699,-0.24726531299005,-0.273360467649947,0.0036947035934421,-0.948027981048356,-0.180538469162104,-0.207525797899,0.416380746762706,1.21828135486248,-1.54646298107848,0.726670329919294,-0.108527657287753,3.04668819944589,0.150143965946274,-0.137749235977513,-0.194919691334554,-0.0873067710928077,-0.105139002021845,-0.574220602507966,-0.140910460137165,0.0930257018350215,0.179918943919458,-0.33447836871725456,0
122685.0,1.83266911431698,0.132417948996431,-0.129857095200987,3.97006658935658,-0.157261139066325,0.490109501773369,-0.422140205932091,0.293273984852511,-0.215627706404117,1.51205595048066,-0.21452446622799,-0.307904065756289,-2.20864879963113,0.271610418976461,-2.399561505578,0.578860063407752,-0.438424722275828,0.143242622034998,-1.06550894081601,-0.451940941323622,0.123218504861223,0.5250804072085,0.109557629269184,-0.0286058312321261,-0.0185970840326793,0.121713448361995,-0.0159248297752288,-0.061309457336574,-0.35322939296682354,0
89019.0,2.02147480408024,0.236017018764952,-1.94088443030169,1.06809836056885,0.738554046175306,-0.918514342695007,0.672421202174734,-0.310589308013305,-0.292881936879811,0.551231921404849,0.587324462682313,0.418933937401646,-0.799176108903956,1.1260717979042,-0.375949962938233,-0.148086737730692,-0.714316863766378,0.172210506694917,-0.0416502983970132,-0.292073506052051,0.156065459209178,0.484603586038255,-0.0611814142167028,-0.412909729505639,0.446396026936757,-0.477265770888982,-0.0393083249614371,-0.0770270948911014,-0.2934580043674511,0
118221.0,-0.0597242927874059,-0.19821859572796,-1.52190131852941,-2.35863184000363,2.04865081777129,0.690320283700688,1.17560838368526,-0.152676528056611,-1.57144801012415,0.661035549850155,0.552764469073733,-1.21436968329533,-1.64443968831913,0.630594467825786,-0.717767150936606,-0.434607757700087,0.679191737875043,-2.02929977871926,0.116237781531949,-0.142971617711948,0.644750531824193,2.07593720696607,-0.189089541462676,-0.884374155045807,-0.303846773895593,0.177029572186458,-0.0736478576502878,-0.0650932360900429,-0.18530977282142944,0
120991.0,2.15273324188771,-1.11592964406429,-1.0532267504726,-1.21932700614596,-0.397749959968809,0.508175614398164,-1.10649018917293,0.126719100102285,-0.10951564132022,0.883886507084467,-0.0580264718565608,-0.0312518715513488,0.63552878850282,-0.420722817145977,-0.435524011485994,1.67579537956152,-0.545560034276505,-0.300666633576734,1.13972296686884,0.118446094312615,0.318045599765637,0.890818463778274,-0.001835181485247,-0.304129593131813,-0.0180735885142924,-0.0786170574585813,-0.0029537386387501,-0.0564396208495125,-0.1933459260712447,0
94005.0,2.00527034956532,-0.666137772078712,-0.557586387154258,-1.23881285753219,-0.856380663862916,-1.09077591188614,-0.580543620013735,-0.32058706920643,3.35537707564993,-1.30006977027607,0.332315839448218,-1.52314022615949,2.45817028719036,1.32189832464218,0.750544003065736,-0.276777611465165,0.209865053815391,0.567167625677929,0.28160322705411,-0.105705532063198,0.0842616731650906,0.690540248896727,0.0734185139354633,-0.102120952483834,-0.115716225508532,-0.178731381622614,9.42677516943824e-05,-0.0428986524944267,-0.17627409802312966,0
9559.0,-1.87503317205021,1.29278725935122,1.41891836164539,-1.25311545700372,-0.295704325646441,-0.990327853805903,0.78669059357588,-0.497059889495026,2.35412040236487,0.496621011935596,0.59743089300699,-2.85114459653477,1.21263844764238,0.885812128903413,-0.0417296345183368,0.436345505519452,-0.0941212607662656,-0.140057215875422,-0.944730935336746,0.209238325634537,-0.370497018090853,-0.45567350245428,-0.0844766952040499,0.338605915343546,-0.28977483307503,0.617954838783706,-0.187771022380559,0.315535799418153,-0.15380485361319832,0
121317.0,-3.15721631510666,0.0865227313456916,-0.346709051987882,-2.057686076168,-1.46000553416151,-0.905669637938653,-0.0367180287407783,1.16826347970809,0.869154724885129,-1.62174646097488,-1.35069291836949,1.13642406001225,1.03828727406275,0.203882526717475,-0.460980965671627,0.817837601128478,-0.403831864488356,-0.0835570614382617,-1.21641119018364,-0.226617323155429,0.187057696101115,0.753377034706774,0.140525053023815,0.10005413026168,0.0656648691872451,0.556450488513925,0.4445795250601,-0.288133035885242,0.14253329508148294,0
168402.0,1.93883218093176,-0.534757880235591,-0.373827769078803,0.32118831375249,-0.610777005956009,0.0810963064579278,-0.822708339373366,0.230803439114447,1.34069934502237,0.0241884782424357,0.560329667009165,0.631688390342918,-0.919083635110968,0.177816371607289,-0.0791255179191123,0.33161235183044,-0.704443688210837,0.834129739864079,0.0607858591798964,-0.242896902145298,0.231138173968345,0.801808512256584,0.158498785652836,0.761815803070776,-0.145670600174324,-0.265817984812299,0.0266999237455496,-0.0410873128788623,-0.3132885118893834,0
143346.0,0.279018603810068,-0.186835279992393,1.84467214906831,-0.175284984124173,-0.525574882335793,0.249142806258254,-0.352565424788101,-0.429444102910107,-0.673534535691411,1.22429428210667,-0.159183701767998,-0.520199487817251,1.29572894910395,-1.20174927211522,1.31061759710932,-0.327817499344213,1.02484225637612,-0.83929863559444,2.95189916998347,0.58911394469864,0.476949923440139,1.92776599640177,-0.247715603650048,1.21233446218301,-0.728690747252501,0.296618057120136,-0.179780132795294,-0.242199892280811,-0.3271618709823481,0
14449.0,1.34235419963858,-0.191241118206703,0.410424031181866,-0.371986820575017,-0.675275149155498,-0.580599316701531,-0.710433397354726,-0.172642485157802,0.42407335765303,-0.21292984516021,1.37204223698895,-2.69206789219676,2.71257702635323,0.0986299117777997,0.384588092404826,1.20538822842217,1.87234599161155,-1.1957192698795,-0.236105779625342,0.0990294264375811,-0.0543366255650841,0.0809432139520605,0.0278815413567769,-0.0237939468794416,0.296494300511669,-0.295341005321629,0.0219200959822163,0.0355651326818365,-0.28945991817351313,0
168985.0,-0.282731749408221,1.52286087783584,1.13457030353577,2.73429379657473,1.48821195692887,0.321584421327341,1.32666149383496,-0.201558277790344,-1.91323136027615,1.0414822525254,-1.49235643383528,-1.42449840397587,-0.750102176911878,0.269152657476264,-0.229768299609105,0.710605752042407,-0.94686729849203,0.165103572469031,-1.19838960550673,-0.0666175388211505,0.208780322214769,0.644630746572536,-0.433065088755774,0.553903037097243,0.218879864732797,0.174443919433773,-0.0937870727086893,-0.0934699038397847,-0.3499109814258551,0
84423.0,-0.343647067315574,1.12686253166281,1.75380978993486,2.08786815769965,0.312714476777875,0.413606126809828,0.408730145185706,0.340565135229555,-1.40393998890343,0.612359701078558,1.03029932804433,-0.430510436537651,-1.61323428981094,0.781506227646633,0.37582995026997,0.377338037512496,-0.293238050220509,0.0299928750396185,-0.17520247960999,-0.144546709906092,-0.0601797139597719,-0.316384002495833,0.0975534370236246,-0.0656118346113356,-0.856043392258778,-0.255239221271525,0.157564219989262,0.155342280136952,-0.34959113453034,0
79525.0,-0.67446317171937,1.0430946269855,1.11545076908234,-0.002612266821175,0.0583285416160207,-0.597923397409385,0.496823240809975,0.168918656031306,0.0466656601892652,-0.196953445860366,-0.247269222463032,-0.858092919973487,-1.54595068873261,-0.141983307721313,1.34687860569658,0.149082524574513,0.371559384415507,-0.399354005316741,-0.467778331640182,0.115661888443531,-0.283192601945575,-0.735413148726332,0.0647329174309378,-0.0260321290896927,-0.232038751607932,0.111962630900599,0.353472223361798,0.166020723845237,-0.30929042569544546,0
31685.0,-0.69058550463227,1.04814141450208,1.96044295256997,0.856248784758192,-0.234613739551906,-0.133370006613956,0.689270748354208,-0.0144942360808043,-0.159475470072295,-0.424140346772172,-0.0759034843837128,0.725511839778751,0.318935933363386,-0.298294718190113,-0.241677874243596,-0.821748783507745,0.352402232278832,-1.09072013956873,-0.396723389532188,-0.160456316284975,-0.0963131957276235,-0.155306802324381,-0.0055900974942378,0.593142487854453,-0.12141128230069,-0.599877857033064,-0.141586420651335,0.0568226093705722,-0.23328680714868488,0
27930.0,1.13802779666817,-0.048035928870416,0.719823541388087,0.99237940656756,-0.780967442014382,-0.768541188399277,-0.0383254654710188,-0.167371460863048,0.502286060935558,-0.246587798290997,-0.391934812637146,0.895518126624427,0.47235387037789,-0.281054426951319,-0.485359740259775,-0.485016588654489,0.176488745876507,-0.736745520251326,0.0489737766129206,-0.0289622299077525,-0.0399911181313343,0.0857235873623996,-0.0848895127983108,0.790919652922456,0.549848255070574,0.41264727903342,-0.0178334024329721,0.0212158354995403,-0.1933459260712447,0
1525.0,-1.8426962818158,1.74064137285157,0.861525830498894,-0.856315496213565,-0.655375730473989,-0.842786027535915,0.198562703945685,0.602764331866924,0.455594965949662,0.541295549294277,0.948686063588707,0.591625417020591,-1.09829901575729,0.314853798143304,-0.896411259094138,0.206073656654272,-0.281808336402023,-0.0728274873706312,-0.130831526134016,0.369122281094673,-0.213608961077048,-0.400617431220045,0.0300133917234381,0.512611243017956,-0.0770874570820914,0.286218007614618,0.586012093975677,0.352610200094862,-0.3492313067728856,0
132220.0,-1.42487794616285,1.79795915341709,-0.731765282785755,-1.02668440788543,-0.267217925190772,-1.18367490638097,0.768200768708463,0.514181576309117,0.0014247584584142,-0.663242483902862,-1.48009573377832,-0.0639456242299359,-0.793039510315749,0.939193573169218,-0.30911629565938,-0.232119544083201,-0.0050785465606985,-0.368448954129549,0.130007617448739,-0.226712078728226,-0.0425128819265822,-0.197441686414257,-0.066628581506069,-0.124411118202996,-0.0363464795333088,-0.125909069870033,-0.0399545162404409,0.125406730358366,-0.15732316946386374,0
138382.0,-0.750931870525245,-0.119692082993886,0.776241713018628,-0.969553486790546,1.2184736360423,-1.42720637782027,0.477666723697172,-0.482657877318863,-1.73747660676512,-0.150061436946363,-0.12914257950879,-0.705684087544875,0.971961577367381,-1.66493198749782,0.201117669585093,0.351771585688305,1.65006365089447,-1.23113433890526,1.74376392009791,0.619369607877585,-0.0065819998024714,-0.0401258614552773,-0.324219020384864,-0.136901135180095,0.67822051752619,0.0017326441891614,-0.148973038326516,-0.131629984400101,-0.2932581000577542,0
140630.0,2.06016010968535,0.0185989234441186,-1.07285334436958,0.381576010657035,0.0184136129660226,-1.06335277690575,0.240910696540433,-0.365617028798267,0.382032066452477,0.0335547306913715,-0.570246636799217,1.00733497793713,1.14793313559304,0.0626967220058954,-0.0255279518912988,-0.193756007581149,-0.318779022511327,-1.06763889518987,0.0936877863567531,-0.160513732054796,-0.275957150112496,-0.600086727066698,0.32576504337586,-0.0543638433724168,-0.267467085519785,0.201880487493494,-0.0605252346017134,-0.0589890594103303,-0.34807186177664357,0
157146.0,0.0953371609717022,0.814535181657309,-0.289965004692435,-1.07331731078953,1.2830633515213,0.244856687623094,0.847730355044589,0.0858904872296326,-0.293641357842566,-0.256395525552286,-0.152117319633543,0.60884993150126,0.473367600529955,0.161538061816092,-1.01807747981668,0.42893478732066,-1.09486898266058,0.0923098950079615,0.622094181618021,0.0532644360361212,-0.28343136256959,-0.686200770558091,-0.0506243403462899,-0.348988707380366,-0.346397754017757,0.152401372954311,0.240163634760747,0.0838056793515228,-0.34967109625421877,0
78886.0,-1.25769323816204,1.80073067203042,0.415252126935881,1.18532617879985,-0.246313304960119,0.271231971928336,-0.0193008604953198,0.952029276784471,-0.521833973392539,-0.270411750406028,-1.21376436919853,0.709025731892486,0.789803973197287,0.39889835040903,0.10921826211527,-0.883162561184735,0.733535786436974,-0.550132064821448,0.866566142648929,0.0866529217066261,-0.0114555640883386,0.198526799944857,-0.110581032841113,-0.398692146936113,0.0993773045610699,-0.184494536296062,0.298319698528837,0.131820827460556,-0.27986451130806206,0
132214.0,2.09067532313797,-0.145223322940868,-1.47591167222918,0.0633502456859666,0.390416330418425,-0.31091962943694,0.0447064742921789,-0.109661891885824,0.386298823170904,0.250276019209232,0.0066763715061488,0.669274970583533,-0.0705268767862306,0.456364171232913,-0.560799598557731,0.399306404021399,-0.896403833889644,-0.0135460134512329,0.821402791792728,-0.19455387553695,-0.307116867306166,-0.793195967381571,0.20431817513963,-1.04328186624603,-0.200226432609386,0.242445483080945,-0.0774162956827226,-0.0809128374758206,-0.34531318230282637,0
48555.0,0.708923443293158,-0.392164550799737,0.733528663917934,2.68012880751358,-0.533500725875593,0.441039266453184,-0.025631930315908,0.202353758782035,-0.334731401161419,0.602463792989988,0.382730838193091,0.313834572017417,-0.969406561824042,0.243902530556375,-1.10743335063986,0.743151623152281,-0.590224679163196,0.0649066564787439,-0.227584973238441,0.231816162778573,-0.212022755578989,-1.08300851225314,-0.0774029490605397,-0.0641000436674161,0.15496904958308,-0.291266244255228,-0.0340199872311058,0.0529669670581643,0.5229911772966187,0
75674.0,1.37281027598736,-0.744940384806556,0.787858119613856,-0.532910251999343,-1.3271060497491,-0.262728470500317,-0.979278599247138,-0.0154682362407937,-0.207852557745944,0.558459357380197,-1.23554903179239,-0.117885058840576,0.578225983633702,-0.484910330694949,0.485891292998714,-1.10248040503194,-0.141248298979723,1.34560192714354,-0.612020962538342,-0.440706964357731,-0.288066159296953,-0.195521306554416,-0.056589717380164,-0.0540277624494094,0.265749991416425,1.19550924624533,-0.018604850947392,0.0116859087970516,-0.306611707945507,0
67030.0,-0.100634453377383,1.17018475398322,0.489384998342565,1.15756558200919,-0.432526182669988,-0.902781022824713,0.0642588904015311,0.286675876174846,-0.629965916824744,-0.298996884964799,-0.385625999705507,-0.138289777719024,-0.0349730615332277,0.157178011058422,1.63182849555632,-0.115274527447344,0.727514755526439,0.177390357125861,1.47831420486378,-0.0004963666215273,-0.044093973270157,-0.198971287363537,0.335426151011996,0.348179357194765,-1.5861681087953,0.109223774016468,0.136865370075417,0.198776716035356,-0.33371873234040633,0
85708.0,-1.66442472020144,-0.296436368303929,1.60366147711649,-2.75458507998577,-0.266438513304981,-0.773022580484226,0.505138283515326,0.0618023983833514,-1.25180430928802,0.168032271934078,0.764821512488118,0.262389146069243,0.222978628810282,-0.131824080587893,-0.749040828527082,-0.217512038099053,-1.04622308084737,1.15574490507888,-1.67081124980937,-0.28638053231195,-0.738239696470142,-1.60935428151756,0.372151374826951,-0.0260640384390643,0.178599258054837,0.854248381287333,0.317765347722022,0.140436064149466,0.018592623069406313,0
73095.0,-0.940889629988358,1.26290774748884,2.18568063751582,2.98844303055183,-0.575030565412406,0.675054189562194,-0.024334444868231,0.288743330183084,-0.251860173073727,1.22920359703356,-0.565424012599078,-0.456077049764864,-0.716788649883264,-0.299382732849886,0.618646956965582,-0.693675521993009,0.671910416514348,-0.268919702441209,0.389459545038366,0.226711355889519,0.168381672180532,0.832791398461726,-0.0962684879662359,0.414438044843344,-0.397783802479796,0.338113956794222,0.287487940310882,0.312423714749333,-0.23236724732407915,0
146985.0,0.242337080841518,0.805488478729527,-0.118980775195657,0.734465322875205,1.33093216219187,-1.08460035779342,1.47689791069755,-0.574760508033417,-0.408174924978161,-0.0172393764401184,-0.996392528003569,0.151130435768157,0.118940832281523,0.16895508059776,-0.751347104392465,-1.02081259276892,-0.208709845759048,-0.539321114202933,0.0481583993446873,-0.0828093816421093,0.126924824505279,0.720698470230448,-0.202296809158144,0.0056749106827466,-0.187670685525686,-0.574096445605711,-0.0318128301739179,-0.121123223494243,-0.3492313067728856,0
156625.0,2.03515532793187,0.1285171539173,-1.80179304422822,0.219515449598999,0.715418444485287,-0.277205413753068,0.119445399295961,-0.0881464794700649,0.139210966465006,-0.241876277298455,1.03696216208088,1.15473077760961,0.781922602991148,-0.808884835530695,-0.507403221813153,0.508576932316898,0.125480606376935,0.107043072655545,0.378662826170615,-0.082449286521364,-0.315271674712482,-0.805886010078103,0.282770318284933,0.147104682991217,-0.239077501718269,0.175146830678143,-0.0598137438145156,-0.041755782128141,-0.32528277047119725,0
47737.0,0.837130687623556,-0.534198634458389,-0.688048036251268,0.343938947942392,0.198535600228091,-0.176551002948263,0.637454804694664,-0.174823464801797,-0.414524829942137,-0.005148761715396,0.471696769047275,0.660661008307181,0.312198077042501,0.641474509426021,0.163587892521821,0.590756962206056,-0.923529479676872,0.0310980179423014,0.756749843876731,0.464833240343495,-0.2551896901783,-1.36607545012153,-0.232894053059038,-0.834232629273563,0.32313019141576,0.166330587270504,-0.11594295668656,0.0314382756651795,0.6778770364497751,0
147191.0,-0.486269668012463,-1.6628268962751,-0.523662455081872,-1.50543768856676,-0.461590849142929,-0.858107180773207,0.890562501122035,-0.217316856184899,-0.198708730801067,-0.206892991794919,-1.80696511239388,-1.12260731816386,-1.14656859833304,-0.408879676599319,-2.30498753285775,0.337233094372047,0.458252999130584,-1.24368958483457,-0.063056767632865,0.541138367774355,0.887549672246776,2.14394090317532,0.678515310184831,0.0286206285027944,-0.995338213237304,-0.110758379759559,0.192731834664804,0.334759193640587,0.8461964652145632,0
64468.0,1.10039025334198,0.913562437979493,-0.131077348848477,3.05131280003778,0.394822262589236,-0.0921668440914042,0.0239665241193133,0.0984495998390939,-0.343247104021084,-0.600671433429794,0.0330380700748851,-0.102407371980374,-0.0239018855771527,-2.84569818231441,-0.406291157961268,0.633638356214294,2.14418840632284,0.147553075114001,-1.36716501982116,-0.121134446564802,-0.195011435834689,-0.289543909529234,-0.0913706524147635,-0.117882966676379,0.564196880934162,0.10769198938989,0.0590259613025682,0.0747071855268534,-0.3492313067728856,0
151499.0,-1.00234368590776,-0.0231333892208282,0.506218286485087,4.73004488475152,1.73080491157329,-0.501208383542536,0.932304302844468,-0.689549930598945,-1.41954355828118,2.68227052244038,-0.861715511713101,-1.02031532215334,0.183998002127755,-0.0480975527923815,0.972409004940828,-0.296301873806292,-0.294218258394143,0.222207252059312,1.0503905590424,-0.293692526560993,0.0499251534058261,1.51650542604504,1.144795415922,0.0625628500877917,-0.979187521849817,0.378448717732481,0.32668775378296,-0.333622572326648,-0.3254027130570154,0
31392.0,1.28819339490242,-1.16241716007778,0.450100555820558,-1.45568455774875,-0.884231099249126,0.836169810381691,-1.20525602747956,0.310252557296783,-1.92887251939048,1.23565324469067,0.819773477250771,-0.249583279399503,0.644354331321682,-0.219894794224142,1.60414109389341,-1.77394034610255,1.81573414546661,-2.12381036451621,-1.92384859777672,-0.434818810332366,-0.0633046121468162,0.348745464483328,0.189646389196615,-0.638483013826577,0.0345419018672989,-0.100532678837865,0.10141492385654,0.0122107646686664,-0.25327723811837466,0
79486.0,1.14550155446241,-0.538673503248444,0.960677925691197,-0.830265309300062,-1.18314605437304,-0.177999133649393,-0.839343944797789,0.315108795453925,1.74567028282074,-0.916287396453711,1.43618372867543,0.873923040822363,-1.51260868033521,0.35332937862534,0.954856979339251,-0.535340791354236,0.0327164007965524,0.331225529852158,0.419552042967315,-0.238318558853747,0.0650329039671555,0.369533519881064,0.0225044383464168,0.211683732162704,0.325088255541026,-0.68247675195202,0.0978754201083012,0.0209068532840999,-0.3492313067728856,0
148740.0,2.05813320883901,-0.0878136552560304,-1.10349651024802,0.396041417217669,-0.111202038256061,-1.09759579172141,0.143413750864609,-0.283550112156173,0.601045121209369,0.0758165395215525,-0.816976853978567,0.237875283025141,-0.298808546702273,0.350747195819301,0.133277093601529,-0.125822165604285,-0.236085931374098,-0.890027694496403,0.103296498433096,-0.252194698792969,-0.292289230198799,-0.718842759794892,0.342690587055533,-0.093951161355219,-0.316604978230003,0.206675594077507,-0.070077994115472,-0.062009327645865,-0.3460728186796746,0
157918.0,1.90834206460806,-1.74202025372547,-1.23501217970743,-2.20059012917225,-1.09521156185242,-0.497750772699442,-0.698003889949556,-0.144100917330474,1.1888409238861,-0.215154540491498,-1.76412617679087,-0.0336870769428297,0.0670911911982854,-0.0285279905038496,1.23092512837873,-1.59816069013561,-0.323164742123862,1.44743613353295,0.299701357477478,-0.261284069498962,-0.555165891807501,-1.31279071130434,0.187838635043034,-1.127406407645,-0.481465675897489,-0.506746764482113,0.0188074774386466,-0.0162776564189558,0.35087356664758984,0
47855.0,1.33707808816957,-0.44415952549232,0.697844315933397,-0.730181070310915,-1.10626944487039,-0.814652030624715,-0.589459904605174,-0.104737516116092,-1.15333442729798,0.749365840542847,1.82247796742457,0.631468827035257,0.827169939346242,-0.106761125717575,-0.0158913709420287,1.32486821541022,0.0084930247759127,-1.25092738511467,0.822743202342546,0.133484668852827,-0.0193851861594281,-0.186249886839643,0.132200900270248,0.530883025880214,0.198282658175661,-0.512895703779315,0.0110160900184676,0.017219259932564,-0.2932581000577542,0
149325.0,-1.82708758871266,0.491846862236967,1.67477776092634,-1.4888085062558,-0.354697553873175,-0.937333080082735,0.593265777797474,0.278608847374475,-0.0476558022023902,-1.70888517387059,-0.532607056559702,0.866506073691164,0.947861274428141,-0.0357120749229639,-0.022510811766027,0.714054115384019,-0.775215621594608,-0.452520274855235,-1.46441806091816,-0.281439540696331,-0.0696762447931032,-0.428562860703995,-0.29900131359096,0.361887424577415,0.387107644823829,-0.370442408753511,-0.128357561266146,-0.159607489228876,0.03546454680782448,0
48137.0,1.1660515746802,0.305074981216842,0.113883915118834,1.07873288893307,0.0695840893703218,-0.267990079562869,0.158265463219317,0.0409445497483396,-0.360814289465192,0.222746553116913,1.41138750279021,0.604659111152979,-0.797846726650703,0.826636914252365,0.360895942601879,-0.104603043768004,-0.307899419787927,-0.186009723672522,-0.400003450402808,-0.214951726172983,0.0410112649124265,0.125001010215626,-0.0666583294759085,-0.0054767629737844,0.596568872021403,-0.327277055807562,0.0104431074127365,0.0017413448110682,-0.3376368568104655,0
76786.0,-0.949345353266059,1.02781032120238,1.85975873461868,2.89047317648636,0.106147531586724,0.789459120485821,0.374657194963213,0.0917121088870826,-1.07417885688626,0.973734630574734,0.43154429512107,0.340466633944464,-0.0157549192337768,-0.130453373727873,-0.78367625361545,-0.362111972962055,0.0820209234645168,0.42914735177986,1.65908015768323,-0.0782191304247668,0.0282219346924133,0.343944107786891,-0.111271654022132,0.0512947578375292,0.0598742305702151,0.286234962892772,-0.188522075201864,0.0704318395933157,-0.2117371225633593,0
63191.0,1.21160465245045,0.189691058329394,0.244459145572104,0.65926492202143,-0.327655681878836,-0.640911568733442,-0.0991813887331743,0.0255031224155989,0.270679602241713,-0.279953971339375,-0.117455437651695,-0.529604238001362,-1.3915602815864,0.0588327215490625,1.52120636553238,0.261081902937986,0.364361204778578,-0.552015707906943,-0.546013059545877,-0.214480345686721,-0.278240391348545,-0.846500425134774,0.17786321294585,-0.0098132465495136,0.0891528483926622,0.129452894151933,-0.0170710799593333,0.0240127169385542,-0.34531318230282637,0
66633.0,-0.457747596148838,1.01844063223815,1.53897609577869,-0.0837345228282558,0.127167648336109,-0.410869332219494,0.666545907013373,0.0519660168447832,-0.450019947137417,-0.36946131152109,-0.122197537182166,0.205979071399087,0.334342512513146,0.106422729697402,1.06449082852347,-0.108500302808688,-0.133327575286784,-0.839919876813813,-0.348016856864196,0.0923350068705199,-0.194904478009692,-0.453574182236001,0.0113357919091927,0.063256597108503,-0.254833058907384,0.0996755492994323,0.282824245604663,0.118431984690082,-0.3270819092584693,0
59344.0,1.19876775269175,0.277950109420376,-0.390683940309042,1.04332240067793,0.186652858443238,-0.903924388090105,0.597487467461725,-0.321848699544972,-0.200917038693214,0.0289430825377986,-0.862463885531047,-0.121960378689828,-0.239435708942196,0.613792630551149,0.761434635484606,-0.0490752066645889,-0.472302043036519,-0.155835866456529,-0.0820472992806617,-0.0420227154869778,0.0018932247516179,-0.0820774164042674,-0.254939865789937,-0.112538875983719,0.886040728087579,-0.270035679692872,-0.0217013729849322,0.0152333313786422,-0.11334422133054622,0
59180.0,-1.66678485600312,0.300649360282059,-1.04548237033231,-2.95290852110912,2.2073411109538,2.60690021612469,-0.723614596684287,1.65576017489528,0.520498206532947,-2.02480703107554,-0.705329132957328,0.707612561650376,-0.173431588567958,0.798068966865214,0.212621542063206,-0.0407006220899209,-0.46444707863488,0.252871100728593,0.400999495617086,-0.341618542633959,-0.0542632481996958,-0.5128306616417,-0.328263177215074,1.00906525645208,0.237819835044904,-1.03758705764598,-0.130062782385659,-0.164332064416158,-0.3492313067728856,0
